merchant,category,amount,first,last,city,state,role,currency
Schimmel-Olson,kids_pets,82.15,Brianna,Foley,Knoxville,TN,"Designer, industrial/product",CAD
"Olson, Becker and Koch",gas_transport,38.46,Kenneth,Edwards,Andrews,IN,Retail banker,CAD
Conroy-Emard,food_dining,171.18,Jessica,Jordan,Coleharbor,ND,Make,CAD
Schiller Ltd,personal_care,8.28,Natalie,Watson,Los Angeles,CA,"Journalist, newspaper",USD
Buckridge PLC,misc_pos,5.64,Kristen,Hanson,Goodrich,MI,Learning disability nurse,CAD
Bednar PLC,kids_pets,31.22,Sarah,Adams,Ridgeland,MS,"Scientist, clinical (histocompatibility and immunogenetics)",CAD
"Lind, Huel and McClure",gas_transport,81.24,Jessica,Werner,Center Point,WV,Chief Executive Officer,USD
DuBuque LLC,grocery_pos,217.65,Angela,Hodges,Indianapolis,IN,Firefighter,USD
Daugherty LLC,kids_pets,50.89,William,Jenkins,Harper,TX,"Pharmacist, community",USD
Buckridge PLC,misc_pos,550.35,Carol,Dillon,Whaleyville,MD,Regulatory affairs officer,USD
Dicki Ltd,grocery_net,65.26,Cassandra,Sanders,Paauilo,HI,"Scientist, research (maths)",CAD
Harris Inc,gas_transport,58.59,Christopher,Horn,Mallie,KY,Facilities manager,CAD
Kozey-Boehm,shopping_net,41.13,Andrea,Cruz,Mifflin,PA,Mining engineer,CAD
Deckow-Dare,food_dining,54.19,William,Jenkins,Harper,TX,"Pharmacist, community",CAD
Kihn Inc,shopping_pos,5.43,James,Stephens,Ruckersville,VA,"Designer, ceramics/pottery",CAD
"Brown, Homenick and Lesch",health_fitness,21.42,Rebecca,Conley,Tomahawk,WI,Seismic interpreter,USD
"Okuneva, Schneider and Rau",shopping_pos,1.72,Lauren,Torres,Grandview,TX,"Radiographer, therapeutic",CAD
"Hettinger, McCullough and Fay",home,3.81,Nathan,Massey,Falmouth,MI,Furniture designer,CAD
Cormier LLC,shopping_net,31.28,Robert,Drake,Burbank,OK,Sub,CAD
Hamill-D'Amore,health_fitness,26.53,Stephanie,Taylor,Saint Paul,MN,Fisheries officer,CAD
"Hahn, Bahringer and McLaughlin",personal_care,79.48,Chris,Daniel,Rock Glen,PA,Health and safety adviser,CAD
Kutch and Sons,grocery_pos,175.09,Melissa,Meza,Loxahatchee,FL,Paramedic,CAD
Bernhard Inc,gas_transport,74.68,Jeffrey,Smith,Sula,MT,"Therapist, horticultural",CAD
Botsford and Sons,home,71.0,Lori,Rodriguez,Creola,OH,"Copywriter, advertising",CAD
Miller-Hauck,grocery_pos,91.79,Melinda,Gutierrez,Eureka,IL,Archivist,CAD
Bauch-Raynor,grocery_pos,310.79,James,Cooper,Huntsville,AL,Television production assistant,CAD
Bahringer-Streich,food_dining,143.76,Christopher,Horn,Mallie,KY,Facilities manager,CAD
Larson-Moen,entertainment,35.01,Steven,Faulkner,Farmington,NY,Cytogeneticist,CAD
Bogisich-Weimann,kids_pets,26.41,Angela,Hodges,Indianapolis,IN,Firefighter,CAD
"O'Connell, Botsford and Hand",home,17.94,Ashley,Cruz,Saint Amant,LA,"Surveyor, rural practice",USD
Wilkinson Ltd,entertainment,57.01,Justin,Aguilar,Wittenberg,WI,Senior tax professional/tax inspector,CAD
"Romaguera, Cruickshank and Greenholt",shopping_net,5.48,Melissa,Krause,Fordoche,LA,Community education officer,CAD
Auer-West,shopping_net,123.78,Natasha,Mclaughlin,Napa,CA,Airline pilot,CAD
"Runte, Green and Emard",health_fitness,103.5,Catherine,Weber,West Henrietta,NY,"Teacher, primary school",CAD
Adams-Barrows,health_fitness,22.42,Jeremy,Whitney,Sacramento,CA,Magazine features editor,CAD
Koepp-Witting,grocery_pos,73.31,Jonathan,Castro,Andrews,NC,Retail buyer,CAD
"Schuppe, Nolan and Hoeger",shopping_pos,711.0,Alicia,Hawkins,Harwood,MD,Quantity surveyor,CAD
"Romaguera, Cruickshank and Greenholt",shopping_net,5.4,Christopher,Miller,Varnell,GA,Pensions consultant,CAD
"Greenholt, O'Hara and Balistreri",shopping_net,105.8,Christian,Roman,Grand Junction,TN,Clothing/textile technologist,CAD
Leannon-Ward,food_dining,52.17,Candice,Brown,O Brien,TX,Warden/ranger,USD
Ruecker-Mayert,kids_pets,83.71,Tammy,Davis,Moundsville,WV,Physiotherapist,CAD
Dibbert and Sons,entertainment,5.29,Judy,Hogan,Brooklyn,NY,Medical sales representative,CAD
Hintz-Bruen,grocery_net,69.88,Bianca,Scott,Atglen,PA,Product manager,CAD
Jakubowski Inc,home,81.69,Kathleen,Thompson,Naples,FL,"Pilot, airline",CAD
Cartwright-Harris,grocery_pos,35.61,William,Perry,Denham Springs,LA,Herbalist,USD
Bruen-Yost,misc_pos,4.71,Laura,Casey,Steuben,ME,Make,USD
Douglas-White,entertainment,8.2,Joel,Rivera,Tryon,OK,"Psychotherapist, child",USD
Runte-Mohr,food_dining,29.3,Jose,Campbell,Dadeville,AL,Minerals surveyor,USD
Hermann-Gaylord,misc_pos,2.16,Karen,Sullivan,Rossville,IL,"Buyer, retail",CAD
"Crist, Jakubowski and Littel",home,97.44,Haley,Wagner,Annapolis,MD,"Accountant, chartered certified",CAD
Leannon-Ward,food_dining,70.49,Johnny,Bennett,Boonton,NJ,"Psychologist, sport and exercise",USD
Parisian and Sons,gas_transport,17.85,Christie,Mendoza,Monitor,WA,Medical technical officer,USD
Watsica LLC,personal_care,131.81,Amy,Daugherty,Owensville,MO,Naval architect,USD
"Kutch, Steuber and Gerhold",food_dining,16.89,Danielle,Yu,Thrall,TX,Press sub,CAD
Hirthe-Beier,health_fitness,5.53,Erica,Briggs,Oolitic,IN,Counsellor,CAD
Pouros-Haag,shopping_pos,5.36,Scott,Edwards,Pembroke,NC,Hospital doctor,CAD
Ledner-Pfannerstill,gas_transport,54.25,Kyle,Park,Mount Perry,OH,Barrister's clerk,CAD
Stoltenberg-Beatty,shopping_pos,6.15,Elizabeth,Mckee,Jay,FL,Higher education careers adviser,CAD
Hamill-D'Amore,health_fitness,47.98,Anna,Logan,Cleveland,TX,Building surveyor,CAD
"McCullough, Hudson and Schuster",food_dining,54.97,Christopher,Sheppard,Bristow,IN,Horticultural therapist,CAD
Grimes LLC,entertainment,145.41,Sara,Harris,Tupper Lake,NY,Chartered loss adjuster,CAD
McCullough Group,grocery_net,83.1,Sharon,Smith,Sun City,CA,"Designer, exhibition/display",CAD
Mohr-Bayer,shopping_net,47.65,Christopher,Castaneda,High Rolls Mountain Park,NM,Naval architect,CAD
O'Keefe-Hudson,grocery_pos,97.58,Kimberly,Miller,Logan,IL,"Scientist, research (physical sciences)",CAD
Kris-Weimann,misc_net,3.66,Jamie,Carr,Lawn,PA,Special educational needs teacher,USD
"Romaguera, Cruickshank and Greenholt",shopping_net,320.0,Kyle,Wright,Whittemore,IA,Optometrist,CAD
Johns Inc,entertainment,71.64,Daniel,Boyd,Egan,LA,Broadcast presenter,USD
"Turcotte, Batz and Buckridge",health_fitness,58.35,Drew,Garcia,Lima,OH,"Copywriter, advertising",CAD
"Jenkins, Hauck and Friesen",gas_transport,82.75,Megan,Bernard,Barneveld,NY,IT trainer,CAD
"Ritchie, Oberbrunner and Cremin",travel,6.25,Felicia,Mckee,Tomales,CA,Occupational psychologist,CAD
"Raynor, Reinger and Hagenes",gas_transport,45.9,Heather,Stanton,Republic,MI,Armed forces training and education officer,USD
"Runolfsdottir, Mueller and Hand",entertainment,272.64,Tammy,Ayers,Hinckley,OH,Medical sales representative,CAD
"Schoen, Kuphal and Nitzsche",grocery_pos,199.44,Dawn,Tucker,Houston,TX,"Copywriter, advertising",CAD
Volkman Ltd,misc_net,4.93,Ana,Howell,Bradley,SC,Research scientist (physical sciences),USD
Deckow-O'Conner,grocery_pos,122.22,David,Kirby,Lolita,TX,Archaeologist,CAD
"Turner, Ziemann and Lehner",food_dining,23.73,Jerry,Kelly,Fairview,NJ,"Programmer, multimedia",CAD
Berge-Hills,kids_pets,8.7,Robert,Drake,Burbank,OK,Sub,USD
Kuhic LLC,shopping_net,23.81,Jill,Flores,Baroda,MI,"Horticulturist, commercial",USD
Turner and Sons,shopping_pos,46.73,Terri,Bailey,Daly City,CA,"Buyer, industrial",USD
Adams-Barrows,health_fitness,72.77,Michael,Flores,Saxon,WI,Television/film/video producer,CAD
Johns-Hoeger,entertainment,189.81,Kevin,Elliott,Newark Valley,NY,Further education lecturer,CAD
"Hills, Hegmann and Schaefer",health_fitness,38.49,Lisa,Mendez,Lahoma,OK,"Programme researcher, broadcasting/film/video",CAD
"Willms, Kris and Bergnaum",shopping_pos,1.56,Melissa,Meza,Loxahatchee,FL,Paramedic,CAD
Bashirian Group,shopping_net,85.74,Omar,Gay,West Hartford,VT,"Development worker, community",CAD
Skiles-Ankunding,grocery_net,72.3,Jim,Johnson,Gretna,LA,Biomedical scientist,CAD
Kutch LLC,gas_transport,61.02,Kristen,Allen,Lagrange,WY,Product/process development scientist,CAD
Runte-Mohr,food_dining,38.79,Theresa,Powell,Leonard,TX,Sub,CAD
Pouros-Conroy,shopping_pos,20.83,Kenneth,Edwards,Andrews,IN,Retail banker,CAD
McKenzie-Huels,food_dining,68.44,Larry,House,Cochranton,PA,Retail merchandiser,CAD
Bogisich Inc,grocery_pos,89.52,Jeff,Elliott,Columbia,SC,Mechanical engineer,USD
Volkman PLC,food_dining,61.56,Robert,Evans,Sachse,TX,Site engineer,CAD
Connelly-Carter,home,85.78,Amanda,Molina,Philadelphia,PA,Commercial horticulturist,CAD
Connelly-Carter,home,70.66,Julia,Bell,West Sayville,NY,Film/video editor,USD
Cole PLC,grocery_pos,81.32,Christie,Williamson,Avoca,IA,Engineering geologist,CAD
"Hyatt, Russel and Gleichner",health_fitness,11.61,Monica,Cohen,Uledi,PA,Tree surgeon,CAD
"Roob, Conn and Tremblay",shopping_pos,4.0,Amy,Abbott,Dayton,OH,Environmental manager,USD
Eichmann-Kilback,home,155.61,Daniel,Martinez,Kent,OR,Museum education officer,USD
"Ritchie, Bradtke and Stiedemann",travel,3.38,Diane,Jackson,Rule,TX,"Physicist, medical",CAD
Denesik and Sons,shopping_pos,7.72,Terrance,Mckinney,Norman,AR,Magazine features editor,USD
Dicki Ltd,grocery_net,73.37,Ana,Mccormick,Meridian,ID,Intelligence analyst,CAD
Conroy-Cruickshank,gas_transport,57.93,Michelle,Gregory,Edisto Island,SC,"Sales professional, IT",USD
"Christiansen, Goyette and Schamberger",gas_transport,52.56,Charles,Robles,Saint Petersburg,FL,"Engineer, land",CAD
"Quitzon, Green and Bashirian",shopping_pos,6.78,Becky,Mckinney,Mobile,AL,"Surveyor, land/geomatics",CAD
Kunde-Sanford,misc_net,140.95,Gina,Grimes,Clarks Mills,PA,Energy manager,CAD
"Zboncak, Rowe and Murazik",shopping_net,693.47,Anna,Logan,Cleveland,TX,Building surveyor,USD
"Quitzon, Green and Bashirian",shopping_pos,7.69,Teresa,Blankenship,Karnack,TX,Chiropodist,USD
Kuhn Group,food_dining,22.13,Samuel,Sandoval,Mounds,OK,Fitness centre manager,CAD
Nader-Heller,misc_net,93.08,Gary,Barnes,Smackover,AR,Financial adviser,USD
Hills-Witting,shopping_net,342.69,Bridget,Bowen,Port Saint Lucie,FL,Primary school teacher,USD
"Lang, Towne and Schuppe",kids_pets,75.77,Michelle,Beck,Minneapolis,MN,Analytical chemist,CAD
Koelpin and Sons,misc_net,1.52,Michael,Fisher,East Troy,WI,"Engineer, production",CAD
Berge-Ullrich,home,122.83,Rachel,Lowe,Sutherland,NE,Insurance broker,CAD
Ernser-Feest,home,91.5,Theresa,Powell,Leonard,TX,Sub,USD
"Boehm, Predovic and Reinger",misc_pos,2.9,Sabrina,Nolan,Phenix City,AL,Chemical engineer,USD
Nolan-Williamson,kids_pets,53.32,Robert,Long,Lonetree,WY,Research scientist (physical sciences),USD
Boyer PLC,shopping_net,76.26,Steven,Brooks,Manley,NE,Human resources officer,CAD
Wiegand-Lowe,grocery_net,45.01,Kathy,Hughes,Battle Creek,IA,"Teacher, early years/pre",CAD
Rempel Inc,shopping_net,5.85,Christina,Nelson,Bynum,TX,Commercial/residential surveyor,CAD
Volkman-Predovic,shopping_net,6.71,Sandra,Davies,Dexter,KS,"Buyer, industrial",USD
Kilback LLC,food_dining,17.78,Steven,Walters,Woodville,AL,"Editor, commissioning",CAD
Dibbert and Sons,entertainment,36.71,Tyler,Mills,Elizabethtown,KY,Surgeon,CAD
Harris Inc,gas_transport,46.81,Rachel,Daniels,Wetmore,MI,Immunologist,CAD
Botsford PLC,home,11.39,Laura,Johns,Arcadia,SC,Animal technologist,CAD
Medhurst Inc,home,8.71,Christopher,Cummings,Sprague,NE,Chiropodist,CAD
Padberg-Rogahn,entertainment,70.87,Claire,Davis,Cherokee Village,AR,Pharmacologist,CAD
Gaylord-Powlowski,home,44.81,Kristen,Hanson,Goodrich,MI,Learning disability nurse,CAD
Lesch Ltd,shopping_pos,118.91,David,Serrano,Zaleski,OH,Accounting technician,USD
Berge LLC,gas_transport,58.4,Jose,Vasquez,Lake Jackson,TX,Futures trader,CAD
Rippin-VonRueden,health_fitness,129.83,Christine,Burns,Comfort,WV,Fine artist,CAD
Carroll PLC,health_fitness,124.49,Joshua,Carpenter,Bronx,NY,"Therapist, drama",CAD
Keeling-Crist,misc_pos,31.68,Ana,Mccormick,Meridian,ID,Intelligence analyst,CAD
Kihn-Schuster,food_dining,48.35,David,Rodriguez,Muskegon,MI,Historic buildings inspector/conservation officer,USD
Smitham-Schiller,grocery_net,42.31,Erica,Briggs,Oolitic,IN,Counsellor,CAD
Fisher Inc,shopping_net,7.9,Marissa,Clark,San Jose,CA,Geoscientist,CAD
Friesen Inc,shopping_pos,1.4,Morgan,Murray,Blairstown,MO,Agricultural consultant,CAD
"Wintheiser, Dietrich and Schimmel",misc_pos,27.33,Kelly,Zimmerman,Westerville,NE,Product designer,CAD
Kub PLC,personal_care,73.01,Lisa,Lowe,Cottekill,NY,Comptroller,CAD
"Hermiston, Russel and Price",food_dining,127.2,Victoria,Fleming,Stanchfield,MN,"Lecturer, further education",CAD
Homenick LLC,personal_care,186.3,Jessica,Potter,Red River,NM,"Surveyor, land/geomatics",USD
"Wiza, Schaden and Stark",misc_pos,3.25,Melissa,Krause,Fordoche,LA,Community education officer,USD
"Towne, Greenholt and Koepp",shopping_net,23.79,Sarah,Bishop,Meridian,TX,Phytotherapist,CAD
Fritsch LLC,travel,4.83,Margaret,Mendez,De Soto,KS,Chief Executive Officer,CAD
Mohr Inc,shopping_pos,367.25,Amanda,Molina,Philadelphia,PA,Commercial horticulturist,CAD
Boyer-Reichert,shopping_net,99.71,Melissa,Aguilar,Clarksville,TN,Pathologist,CAD
Fadel Inc,health_fitness,48.35,John,Robertson,Indianapolis,IN,Academic librarian,USD
Kub-Heaney,health_fitness,30.53,Toni,Gomez,Altona,NY,"Surveyor, land/geomatics",CAD
"Schaefer, McGlynn and Bosco",gas_transport,80.6,Teresa,Blankenship,Karnack,TX,Chiropodist,CAD
Wilkinson LLC,personal_care,62.18,William,Johnson,South Londonderry,VT,Scientific laboratory technician,CAD
"Little, Gutmann and Lynch",shopping_net,1.48,Allison,Allen,De Witt,AR,Electrical engineer,CAD
Daugherty LLC,kids_pets,17.89,Susan,Hardy,Manistique,MI,Trade mark attorney,CAD
"Swaniawski, Lowe and Robel",shopping_pos,6.71,Margaret,Gibson,Scotland,MD,Insurance underwriter,CAD
Fisher Inc,shopping_net,1.18,Brenda,Perez,Coyle,OK,Amenity horticulturist,CAD
Doyle Ltd,grocery_pos,70.04,Juan,Sherman,San Antonio,TX,Land,CAD
Bauch-Blanda,entertainment,71.95,Monica,Lane,East Andover,ME,Animal nutritionist,CAD
Renner Ltd,home,118.25,Renee,Parrish,Mountain Park,OK,Research scientist (life sciences),USD
Medhurst Inc,home,51.55,Rick,Martinez,Deadwood,SD,Multimedia programmer,CAD
"Wiza, Schaden and Stark",misc_pos,116.01,Justin,Bell,Churubusco,IN,"Research officer, trade union",CAD
Sporer-Keebler,personal_care,54.04,John,Hudson,Stillwater,OK,Cabin crew,USD
Crona and Sons,kids_pets,21.61,Allison,Ayala,Fort Myers,FL,Paramedic,CAD
Jacobi and Sons,shopping_pos,1204.11,Susan,Shah,Cranks,KY,"Psychologist, counselling",CAD
Dickinson Ltd,personal_care,12.98,Spencer,Williams,Watertown,MN,Licensed conveyancer,CAD
Macejkovic-Lesch,shopping_pos,8.92,Brian,Williams,Titusville,FL,Set designer,USD
Donnelly LLC,entertainment,51.5,Bradley,Anderson,Emmons,MN,Communications engineer,CAD
Bechtelar-Rippin,food_dining,104.13,Nathan,Mayer,Schaumburg,IL,Claims inspector/assessor,CAD
Schamberger-O'Keefe,grocery_pos,63.85,Justin,Bell,Churubusco,IN,"Research officer, trade union",CAD
"Zboncak, Rowe and Murazik",shopping_net,1.56,Jacqueline,Curry,Marathon,TX,Lexicographer,CAD
"Baumbach, Strosin and Nicolas",shopping_pos,48.74,Kimberly,Gonzalez,Bauxite,AR,"Scientist, audiological",USD
Crona and Sons,kids_pets,16.66,James,Cooper,Huntsville,AL,Television production assistant,USD
Jast-McDermott,shopping_pos,6.22,Robert,Evans,Sachse,TX,Site engineer,CAD
Mraz-Herzog,gas_transport,75.75,Andrew,Mcgee,San Antonio,TX,Exhibition designer,CAD
"Reichert, Rowe and Mraz",shopping_net,8.79,James,Greene,Quanah,TX,"Librarian, public",CAD
Bahringer Group,health_fitness,73.37,Joseph,Davis,Nazareth,TX,Petroleum engineer,USD
Berge-Hills,kids_pets,14.23,Emily,Hall,Basye,VA,"Engineer, mining",CAD
Gottlieb-Hansen,personal_care,56.38,Matthew,Young,Indian Wells,CA,Learning mentor,USD
O'Connell-Ullrich,home,36.72,Julie,Johnson,Hudson,KS,Probation officer,CAD
Nader-Heller,misc_net,41.96,Kevin,Elliott,Newark Valley,NY,Further education lecturer,USD
Herzog Ltd,misc_pos,489.33,David,Everett,Morrisdale,PA,Advice worker,USD
Rodriguez Group,gas_transport,47.56,Melody,Thompson,Mound City,MO,Architect,CAD
"Tillman, Fritsch and Schmitt",misc_net,7.26,Jessica,Dominguez,Gadsden,AL,Ceramics designer,USD
Langworth LLC,personal_care,66.38,Tina,Lawrence,Nobleboro,ME,Financial trader,CAD
Windler LLC,kids_pets,66.15,Amanda,Gomez,Dallas,TX,"Designer, ceramics/pottery",USD
Waelchi-Wolf,kids_pets,8.33,Jessica,Potter,Red River,NM,"Surveyor, land/geomatics",CAD
Stamm-Witting,shopping_net,7.91,Janet,Carpenter,Laramie,WY,"Pilot, airline",CAD
Terry Ltd,home,35.34,Christie,Williamson,Avoca,IA,Engineering geologist,USD
"Boehm, Block and Jakubowski",misc_pos,42.96,Richard,Waters,Waukesha,WI,"Therapist, occupational",CAD
Wilkinson PLC,kids_pets,26.8,Alan,Parsons,Kirk,CO,Network engineer,USD
Jast-McDermott,shopping_pos,9.14,Lisa,Collins,Bridgeport,NJ,"Engineer, control and instrumentation",CAD
Frami Group,entertainment,7.6,Christina,Rose,Falls Church,VA,Chartered accountant,CAD
Pagac LLC,shopping_pos,747.64,Juan,Taylor,Stoneham,MA,Artist,USD
"Hyatt, Russel and Gleichner",health_fitness,29.52,Steven,Walters,Woodville,AL,"Editor, commissioning",CAD
"Casper, Hand and Zulauf",grocery_pos,127.31,Anthony,Velasquez,Saint Francis,KY,"Research officer, political party",CAD
Bechtelar-Rippin,food_dining,70.16,William,Jenkins,Harper,TX,"Pharmacist, community",CAD
"Jones, Sawayn and Romaguera",misc_net,113.68,Wesley,Parker,Mc Intosh,SD,"Designer, industrial/product",CAD
Jast-McDermott,shopping_pos,9.99,Mark,Rivera,Humble,TX,Tax adviser,CAD
"Boehm, Predovic and Reinger",misc_pos,57.19,Vincent,Ward,North Brookfield,MA,Field seismologist,CAD
Ullrich Ltd,kids_pets,101.65,Juan,Sherman,San Antonio,TX,Land,USD
"Altenwerth, Cartwright and Koss",shopping_net,8.2,Mary,Diaz,Fort Washakie,WY,Information systems manager,USD
Kihn Inc,shopping_pos,4.88,Erica,Briggs,Oolitic,IN,Counsellor,CAD
Berge LLC,gas_transport,53.13,Cassandra,Nunez,Clay Center,OH,Insurance underwriter,USD
Schmitt Inc,gas_transport,69.36,Monique,Robinson,Laguna Hills,CA,Sales executive,CAD
"Rowe, Batz and Goodwin",grocery_pos,200.08,Amanda,Gomez,Dallas,TX,"Designer, ceramics/pottery",CAD
"Walter, Hettinger and Kessler",personal_care,85.28,Alyssa,Morgan,Gadsden,AL,Physiological scientist,CAD
Koss and Sons,gas_transport,55.23,Bill,Lane,Holliday,TX,Chief Technology Officer,CAD
Cummings LLC,gas_transport,77.29,Tyler,Mills,Elizabethtown,KY,Surgeon,CAD
"Nicolas, Hills and McGlynn",entertainment,73.75,Tanner,Carroll,Cokeburg,PA,Dealer,USD
Pacocha-Bauch,shopping_pos,17.12,Dakota,Maldonado,Pelham,NC,Insurance underwriter,CAD
Kozey-McDermott,travel,1.56,Victoria,Fleming,Stanchfield,MN,"Lecturer, further education",USD
"Goyette, Howell and Collier",shopping_pos,1124.41,Lisa,Lin,Lomax,IL,Environmental consultant,CAD
"Boehm, Predovic and Reinger",misc_pos,1.27,Kathryn,Smith,Rocky Mount,MO,Tax inspector,CAD
Homenick LLC,personal_care,97.24,Joel,Rivera,Tryon,OK,"Psychotherapist, child",CAD
Sawayn PLC,shopping_pos,4.18,Christina,Rose,Falls Church,VA,Chartered accountant,USD
Prohaska-Murray,gas_transport,56.72,Brent,Terrell,Port Ewen,NY,Heritage manager,CAD
McCullough Group,grocery_net,52.27,Thomas,Jenkins,Oakland,CA,Barista,CAD
Morissette LLC,entertainment,53.29,Linda,Park,Fenelton,PA,Operations geologist,CAD
Cummings LLC,gas_transport,64.33,Sally,Moore,Hopkins,SC,Chiropodist,CAD
Gerhold LLC,home,80.5,Matthew,Huerta,Ringwood,IL,Outdoor activities/education manager,CAD
Quitzon-Goyette,home,77.9,Steven,Yoder,Summerfield,TX,Fisheries officer,CAD
Rodriguez Group,gas_transport,72.97,Christine,Best,Enola,AR,"Physicist, medical",CAD
Reilly and Sons,health_fitness,137.89,Christian,Johns,Lonsdale,MN,Chief Strategy Officer,CAD
Spinka Inc,grocery_net,7.57,Michelle,Gregory,Edisto Island,SC,"Sales professional, IT",CAD
"Kuhic, Bins and Pfeffer",shopping_net,79.8,William,Jenkins,Harper,TX,"Pharmacist, community",USD
Kassulke Inc,entertainment,11.68,Richard,Waters,Waukesha,WI,"Therapist, occupational",CAD
Thompson-Gleason,health_fitness,76.54,Ian,Patton,Helm,CA,Early years teacher,CAD
Jacobi and Sons,shopping_pos,1.07,Bianca,Scott,Atglen,PA,Product manager,CAD
Ledner-Pfannerstill,gas_transport,67.13,Frank,Key,Pewee Valley,KY,Stage manager,CAD
Leffler-Goldner,personal_care,6.48,Lisa,Mendez,Lahoma,OK,"Programme researcher, broadcasting/film/video",CAD
"Hermiston, Russel and Price",food_dining,20.73,Joshua,Carpenter,Bronx,NY,"Therapist, drama",CAD
Volkman PLC,food_dining,55.3,Patrick,Massey,North Haverhill,NH,Structural engineer,CAD
Cole PLC,grocery_pos,81.67,Stephanie,Gill,Orient,WA,Special educational needs teacher,CAD
Dietrich-Fadel,health_fitness,1.71,Christina,Eaton,Eldridge,AL,Politician's assistant,CAD
Heller-Langosh,gas_transport,55.38,Joseph,Nixon,Tyaskin,MD,Music tutor,USD
Fritsch and Sons,health_fitness,35.62,Sandra,Davies,Dexter,KS,"Buyer, industrial",USD
"Jenkins, Hauck and Friesen",gas_transport,45.17,Christine,Shaffer,Loami,IL,English as a foreign language teacher,USD
Mante Group,misc_net,28.5,Ashley,Cabrera,Vero Beach,FL,"Librarian, public",CAD
Little Ltd,kids_pets,45.91,Tabitha,Reyes,New York City,NY,"Pharmacist, hospital",USD
Maggio-Fahey,misc_pos,32.59,Ian,Patton,Helm,CA,Early years teacher,USD
"Heathcote, Yost and Kertzmann",shopping_net,5.95,Mackenzie,Smith,Hooper,NE,"Engineer, automotive",CAD
Fritsch and Sons,health_fitness,45.76,Danielle,Walker,Powell Butte,OR,Local government officer,USD
Ankunding LLC,shopping_net,5.02,Charles,Robles,Saint Petersburg,FL,"Engineer, land",CAD
Morissette PLC,shopping_pos,3.09,Mark,Wood,Bowdoin,ME,"Engineer, electronics",CAD
"Kling, Howe and Schneider",home,208.92,Alice,Kemp,Texarkana,AR,Surgeon,CAD
Yost-Rogahn,personal_care,20.12,Jodi,Rodriguez,Walnut Ridge,AR,"Engineer, control and instrumentation",CAD
Lynch-Wisozk,home,1.75,Gina,Grimes,Clarks Mills,PA,Energy manager,CAD
"Bradtke, Torp and Bahringer",personal_care,69.54,Jamie,Carr,Lawn,PA,Special educational needs teacher,USD
Kris-Kertzmann,travel,3.9,Charles,Robles,Saint Petersburg,FL,"Engineer, land",USD
Bauch-Raynor,grocery_pos,63.68,Erika,Mason,Goreville,IL,"Teacher, secondary school",CAD
Stoltenberg-Beatty,shopping_pos,26.6,Kathleen,Heath,Albuquerque,NM,Charity officer,CAD
Eichmann-Kilback,home,40.95,John,Chandler,Detroit,MI,Broadcast presenter,CAD
Ratke and Sons,health_fitness,71.77,Micheal,Hernandez,Christine,ND,Television floor manager,USD
"Osinski, Ledner and Leuschke",grocery_pos,87.24,Tracy,Conway,Bonfield,IL,Medical secretary,CAD
Brekke and Sons,gas_transport,58.42,Shannon,Williams,Alpharetta,GA,Prison officer,CAD
Schoen-Quigley,kids_pets,33.5,Nancy,Roach,Yellowstone National Park,WY,Materials engineer,CAD
"Greenholt, Jacobi and Gleason",gas_transport,96.25,Christine,Burns,Comfort,WV,Fine artist,CAD
Schmidt-Larkin,home,3.43,Monica,West,Hurley,SD,Neurosurgeon,USD
Abernathy and Sons,food_dining,4.55,Michael,Rodriguez,Cross Plains,TX,Chief Operating Officer,CAD
Deckow-O'Conner,grocery_pos,151.82,Kimberly,Bush,Dell City,TX,Hydrogeologist,CAD
Wolf Inc,grocery_pos,92.53,Michael,Rowe,Melbourne,FL,Database administrator,CAD
"Lubowitz, Terry and Stracke",personal_care,2.79,Andrew,Patterson,Thida,AR,Careers information officer,CAD
Abbott-Rogahn,entertainment,62.01,Hayden,Sanders,Montandon,PA,Orthoptist,USD
"Stanton, Jakubowski and Baumbach",shopping_net,102.57,Adam,Mcdonald,South Hero,VT,Transport planner,CAD
Sawayn PLC,shopping_pos,105.16,Elizabeth,Payne,Grassflat,PA,Pension scheme manager,CAD
Turner and Sons,shopping_pos,168.13,Jenna,Brooks,Baton Rouge,LA,"Designer, furniture",USD
"Schneider, Hayes and Nikolaus",food_dining,2.44,Melvin,Wright,Alton,IA,"Engineer, land",CAD
"Hauck, Dietrich and Funk",kids_pets,72.15,Vicki,Mendoza,Esbon,KS,Tourism officer,CAD
Emmerich-Rau,personal_care,51.81,Jennifer,Black,Thomas,WV,Forensic psychologist,USD
Breitenberg LLC,travel,2.67,Robert,Martinez,Pueblo,CO,Further education lecturer,CAD
McDermott-Weimann,grocery_pos,106.05,Felicia,Mckee,Tomales,CA,Occupational psychologist,CAD
Thompson-Gleason,health_fitness,21.46,Ashley,Lopez,Bellmore,NY,"Librarian, public",CAD
Wuckert-Goldner,home,113.15,Donna,Moreno,Ronceverte,WV,Statistician,USD
Sporer-Keebler,personal_care,110.62,Terri,Bailey,Daly City,CA,"Buyer, industrial",CAD
Medhurst Inc,home,171.12,Mackenzie,Smith,Hooper,NE,"Engineer, automotive",CAD
Kris-Padberg,shopping_pos,8.9,Brittany,Cox,Santa Monica,CA,"Civil engineer, contracting",USD
Kuvalis Ltd,gas_transport,52.76,Tara,Richards,Keisterville,PA,Systems developer,CAD
Schmeler-Howe,personal_care,9.42,Margaret,Curtis,Florence,MS,Fine artist,CAD
Bogisich Inc,grocery_pos,114.36,Kimberly,Miller,Logan,IL,"Scientist, research (physical sciences)",CAD
Friesen Ltd,health_fitness,74.72,William,Thomas,Lahoma,OK,Podiatrist,CAD
"Schuppe, Nolan and Hoeger",shopping_pos,7.18,Karen,Warren,Hahira,GA,"Teacher, special educational needs",CAD
Wolf Inc,grocery_pos,125.05,Robert,Drake,Burbank,OK,Sub,CAD
Rutherford-Mertz,grocery_pos,98.24,Craig,Dunn,New Boston,IL,Manufacturing engineer,USD
Sporer Inc,gas_transport,74.03,Philip,Hart,Montgomery,AL,"Chemist, analytical",CAD
"Conroy, Balistreri and Gorczany",health_fitness,140.98,Dale,Smith,Purmela,TX,Web designer,CAD
"Welch, Rath and Koepp",entertainment,14.19,Jared,Walters,Cord,AR,"Designer, ceramics/pottery",CAD
Klocko LLC,misc_net,28.62,Kenneth,Edwards,Andrews,IN,Retail banker,USD
"Romaguera, Wehner and Tromp",kids_pets,24.94,Gina,Morrison,Allentown,PA,"Scientist, research (maths)",CAD
"Rowe, Batz and Goodwin",grocery_pos,220.0,Debbie,Hughes,Diamond,OH,"Engineer, biomedical",CAD
"Champlin, Rolfson and Connelly",travel,6.91,Andrew,Patterson,Thida,AR,Careers information officer,CAD
Donnelly LLC,entertainment,35.65,Felicia,Mckee,Tomales,CA,Occupational psychologist,USD
"Roberts, Ryan and Smith",personal_care,38.16,David,Kirby,Lolita,TX,Archaeologist,CAD
"Lehner, Reichert and Mills",misc_pos,24.26,Ashley,Whitehead,Cowlesville,NY,Colour technologist,CAD
"Raynor, Feest and Miller",gas_transport,63.62,Terrance,Mckinney,Norman,AR,Magazine features editor,CAD
"Crist, Jakubowski and Littel",home,178.85,David,Lewis,Arlington,VA,Mudlogger,USD
Maggio-Fahey,misc_pos,6.46,Jeffrey,Vargas,Bolton,NC,"Engineer, biomedical",USD
O'Keefe-Hudson,grocery_pos,85.63,Jeffrey,Vargas,Bolton,NC,"Engineer, biomedical",USD
Botsford PLC,home,8.41,Jacqueline,Allen,Greenwood,IN,Financial adviser,CAD
Denesik and Sons,shopping_pos,4.3,Christopher,Gregory,Wauchula,FL,Teaching laboratory technician,USD
Collier LLC,home,9.01,Kelsey,Richards,Holcomb,KS,Arboriculturist,USD
Kihn Inc,shopping_pos,4.13,Carolyn,Perez,Wheaton,MO,Production manager,CAD
"Moore, Williamson and Emmerich",home,84.2,Joseph,Davis,Nazareth,TX,Petroleum engineer,CAD
"Bahringer, Schoen and Corkery",shopping_pos,6.9,Jack,Hill,Grenada,CA,Systems analyst,CAD
Pfeffer and Sons,shopping_pos,12.73,Christopher,Horn,Mallie,KY,Facilities manager,CAD
Boyer PLC,shopping_net,125.16,Allison,Ayala,Fort Myers,FL,Paramedic,CAD
Hudson-Grady,shopping_pos,3.74,Michelle,Beck,Minneapolis,MN,Analytical chemist,CAD
"Heathcote, Yost and Kertzmann",shopping_net,16.82,Kenneth,Sanchez,Tekoa,WA,Clothing/textile technologist,CAD
Zboncak Ltd,food_dining,9.68,Tamara,Martinez,Matthews,MO,Aeronautical engineer,USD
White and Sons,home,173.45,Audrey,Hickman,Mount Clemens,MI,"Psychologist, sport and exercise",USD
Romaguera Ltd,health_fitness,1.5,David,Rogers,Summerfield,NC,"Buyer, industrial",USD
"Ruecker, Beer and Collier",shopping_net,7.18,Janet,Turner,Shields,ND,Film/video editor,CAD
Dare-Marvin,entertainment,2.31,Nicholas,Mcmahon,Heiskell,TN,"Geologist, wellsite",CAD
Lubowitz-Walter,kids_pets,1.1,Patrick,Vaughan,Parsonsfield,ME,Audiological scientist,CAD
Kemmer-Reinger,grocery_net,54.49,Jill,Flores,Baroda,MI,"Horticulturist, commercial",CAD
Bashirian Group,shopping_net,7.31,Christopher,Holt,Parks,AZ,"Geologist, engineering",CAD
Durgan-Auer,misc_net,55.46,Melissa,Brown,Washington,DC,Prison officer,CAD
"Denesik, Powlowski and Pouros",home,26.15,Lauren,Butler,Tulsa,OK,"Teacher, special educational needs",CAD
"Cormier, Stracke and Thiel",entertainment,103.65,Nicholas,Tran,Belmont,NH,"Scientist, research (medical)",CAD
Sawayn PLC,shopping_pos,6.67,Stephanie,Gill,Orient,WA,Special educational needs teacher,CAD
Kub PLC,personal_care,22.81,Grace,Williams,Plantersville,AL,Drilling engineer,USD
Powlowski-Weimann,food_dining,38.24,Erin,Chavez,Littleton,CO,Water engineer,CAD
Pagac LLC,shopping_pos,426.67,Kristen,Hanson,Goodrich,MI,Learning disability nurse,CAD
Hudson-Ratke,grocery_pos,107.78,Craig,Franco,Smithfield,IL,Futures trader,CAD
"Greenholt, Jacobi and Gleason",gas_transport,67.16,Gloria,Wallace,Center Tuftonboro,NH,"Optician, dispensing",CAD
Murray-Smitham,grocery_pos,110.85,Aaron,Murray,Meadville,MO,Tourist information centre manager,CAD
Hirthe-Beier,health_fitness,14.26,Megan,Bernard,Barneveld,NY,IT trainer,CAD
"Schoen, Kuphal and Nitzsche",grocery_pos,94.58,Patricia,Mendoza,Mendon,UT,"Scientist, audiological",CAD
Leannon-Ward,food_dining,57.98,Micheal,Hernandez,Christine,ND,Television floor manager,CAD
Torp-Lemke,misc_pos,6.95,Michael,Jones,Amsterdam,OH,Mental health nurse,CAD
Monahan-Morar,personal_care,114.69,Shannon,Bell,Georgetown,MN,"Research officer, trade union",CAD
Dooley Inc,shopping_pos,30.57,Bradley,Anderson,Emmons,MN,Communications engineer,CAD
Hudson-Ratke,grocery_pos,111.37,Emily,Hall,Basye,VA,"Engineer, mining",CAD
Macejkovic-Lesch,shopping_pos,853.31,Ashley,Blanchard,West Palm Beach,FL,Historic buildings inspector/conservation officer,CAD
"McDermott, Osinski and Morar",home,60.15,Theresa,Powell,Leonard,TX,Sub,CAD
Terry Ltd,home,50.6,Brianna,Page,Brantley,AL,Exercise physiologist,CAD
Metz-Boehm,shopping_pos,4.51,Stacy,Lambert,Mulberry Grove,IL,Race relations officer,CAD
Bogisich Inc,grocery_pos,143.16,Amanda,Spencer,Ogdensburg,NJ,Senior tax professional/tax inspector,CAD
Crona and Sons,kids_pets,62.59,Kimberly,Gonzalez,Bauxite,AR,"Scientist, audiological",CAD
Halvorson Group,misc_pos,7.56,Kenneth,Robinson,Elizabeth,NJ,Operational researcher,CAD
Labadie LLC,personal_care,2.44,Teresa,Clark,Noonan,ND,Industrial/product designer,USD
"Zemlak, Tillman and Cremin",personal_care,13.3,Kathleen,Thompson,Naples,FL,"Pilot, airline",USD
Wilkinson Ltd,entertainment,89.47,Maria,Garcia,Orangeburg,NY,Records manager,USD
"Reilly, Heaney and Cole",gas_transport,60.34,Gina,Gomez,Stirling,NJ,Science writer,CAD
Waelchi-Wolf,kids_pets,49.36,Erik,Patterson,Hatch,UT,Geoscientist,USD
Schmidt and Sons,shopping_net,106.91,Peter,Caldwell,Oaks,PA,Oceanographer,CAD
"Douglas, DuBuque and McKenzie",travel,2.1,Joseph,Nixon,Tyaskin,MD,Music tutor,USD
"Swaniawski, Bahringer and Ledner",grocery_net,51.66,Rachel,Lowe,Sutherland,NE,Insurance broker,CAD
Grimes LLC,entertainment,37.45,Amanda,Williams,Independence,MO,"Engineer, production",USD
"Schumm, McLaughlin and Carter",food_dining,71.31,Ronald,Carson,Harrington Park,NJ,"Radiographer, diagnostic",CAD
Rau-Robel,kids_pets,8.27,Kayla,Jones,East Canaan,CT,Comptroller,CAD
"Prosacco, Kreiger and Kovacek",home,21.96,Laura,Casey,Steuben,ME,Make,USD
"Herman, Treutel and Dickens",misc_net,7.62,James,Cooper,Huntsville,AL,Television production assistant,CAD
Ebert-Daugherty,travel,7.67,Marcia,Molina,Port Gibson,NY,Database administrator,CAD
Block-Parisian,misc_net,93.73,Jeffrey,Smith,Sula,MT,"Therapist, horticultural",USD
Torphy-Goyette,shopping_pos,806.06,Jeffrey,Vargas,Bolton,NC,"Engineer, biomedical",CAD
Bode-Schuster,kids_pets,111.6,Jack,Hill,Grenada,CA,Systems analyst,CAD
Tromp Group,travel,6.81,Aaron,Stewart,Winthrop,ME,Advertising account planner,CAD
O'Hara-Wilderman,food_dining,84.12,Amanda,Gomez,Dallas,TX,"Designer, ceramics/pottery",CAD
Goyette Inc,shopping_net,3.72,Theresa,Powell,Leonard,TX,Sub,USD
Labadie LLC,personal_care,71.41,Mary,Mcintyre,Eugene,OR,"Scientist, physiological",CAD
Ernser-Feest,home,23.43,Megan,Bernard,Barneveld,NY,IT trainer,USD
Bode-Rempel,kids_pets,177.72,Alex,White,Orient,NY,Video editor,CAD
Kassulke Inc,entertainment,114.94,Sabrina,Johnson,Thompson,UT,"Surveyor, minerals",CAD
Volkman PLC,food_dining,61.76,Lance,Wagner,Irwinton,GA,Film/video editor,USD
Bernier and Sons,kids_pets,75.23,Christopher,Grimes,Grantham,NH,Charity fundraiser,CAD
"Parker, Nolan and Trantow",entertainment,108.41,Jacqueline,Marsh,Dunlevy,PA,Mining engineer,CAD
Altenwerth-Kilback,home,2.84,Pamela,Lewis,Clifton,SC,Museum/gallery conservator,USD
"Lowe, Dietrich and Erdman",kids_pets,73.11,Amanda,Vance,Sterling City,TX,"Scientist, biomedical",CAD
Bartoletti and Sons,personal_care,2.73,Shannon,Williams,Alpharetta,GA,Prison officer,USD
"Cormier, Stracke and Thiel",entertainment,11.42,Timothy,Simmons,Newberg,OR,Research scientist (physical sciences),USD
Prosacco LLC,personal_care,44.63,Jacqueline,Curry,Marathon,TX,Lexicographer,CAD
"Hermiston, Russel and Price",food_dining,37.79,Stephanie,Taylor,Saint Paul,MN,Fisheries officer,CAD
"Reichert, Huels and Hoppe",shopping_net,3.51,David,Rodriguez,Muskegon,MI,Historic buildings inspector/conservation officer,USD
Schuppe-Schuppe,food_dining,31.77,Christine,Best,Enola,AR,"Physicist, medical",USD
Gutmann-Upton,misc_pos,43.12,Stanley,Mayo,Fiddletown,CA,Immigration officer,CAD
Langworth LLC,personal_care,6.03,Kayla,Jones,East Canaan,CT,Comptroller,CAD
"Haley, Jewess and Bechtelar",shopping_pos,4.41,Jodi,Foster,Bailey,NC,Call centre manager,CAD
Auer-Mosciski,grocery_pos,127.38,Steven,Brooks,Manley,NE,Human resources officer,CAD
Bahringer-Larson,grocery_net,61.91,Dalton,Jones,Afton,MI,Technical brewer,CAD
"Tillman, Dickinson and Labadie",gas_transport,90.02,Jenna,Brooks,Baton Rouge,LA,"Designer, furniture",USD
Wiza LLC,misc_pos,6.11,Joshua,Mendoza,Tallmansville,WV,Accounting technician,USD
DuBuque LLC,grocery_pos,135.74,Zachary,Allen,Ollie,IA,Commercial horticulturist,CAD
Beier LLC,entertainment,3.96,Kenneth,Richards,Norwalk,OH,Copy,CAD
McKenzie-Huels,food_dining,58.17,Adam,Riddle,Mount Saint Joseph,OH,Exhibition designer,CAD
"Lubowitz, Terry and Stracke",personal_care,1.79,Melvin,Wright,Alton,IA,"Engineer, land",CAD
Romaguera Ltd,health_fitness,82.0,Kevin,Elliott,Newark Valley,NY,Further education lecturer,CAD
"Tillman, Dickinson and Labadie",gas_transport,72.58,Lisa,Lin,Lomax,IL,Environmental consultant,CAD
Torp-Lemke,misc_pos,7.23,Shannon,Bell,Georgetown,MN,"Research officer, trade union",CAD
Hickle Group,shopping_pos,6.25,Amy,Flynn,Jaffrey,NH,"Surveyor, hydrographic",CAD
Fisher-Schowalter,shopping_net,7.73,Adam,Stark,Mc Veytown,PA,Nutritional therapist,CAD
Parisian and Sons,gas_transport,62.45,Kyle,Park,Mount Perry,OH,Barrister's clerk,CAD
Kuhic Inc,grocery_pos,141.65,Andrea,Lewis,Ashford,WA,Video editor,CAD
Kemmer-Buckridge,misc_pos,28.65,Cory,Thomas,Williamsburg,MO,Glass blower/designer,CAD
"Hettinger, McCullough and Fay",home,7.33,Tina,Zimmerman,Thomas,OK,Barrister,USD
Paucek-Wiza,grocery_net,72.61,Timothy,Gomez,Leo,IN,Biomedical engineer,CAD
Erdman-Durgan,health_fitness,86.63,Mackenzie,Smith,Hooper,NE,"Engineer, automotive",USD
"Runolfsdottir, Mueller and Hand",entertainment,9.25,Larry,Williams,Scarborough,ME,Make,CAD
Bogisich-Weimann,kids_pets,91.35,Margaret,Ray,Greendale,WI,Logistics and distribution manager,CAD
Kunde-Sanford,misc_net,1.03,Lawrence,Davis,Powell,TN,"Teacher, special educational needs",CAD
Hammes-Beatty,kids_pets,69.13,Heather,Stanton,Republic,MI,Armed forces training and education officer,CAD
"Yost, Schamberger and Windler",kids_pets,42.36,Angela,Hodges,Indianapolis,IN,Firefighter,USD
Bode-Schuster,kids_pets,8.82,Jacob,Patel,Dieterich,IL,"Psychologist, clinical",USD
"Langosh, Wintheiser and Hyatt",food_dining,3.2,Bill,Lane,Holliday,TX,Chief Technology Officer,CAD
Heidenreich PLC,grocery_pos,200.09,Stephanie,Middleton,Morrisdale,PA,Dispensing optician,CAD
"Haley, Jewess and Bechtelar",shopping_pos,103.59,Angela,White,Lebanon,VA,"Teacher, English as a foreign language",CAD
Roberts-Beahan,misc_pos,55.07,Angela,Edwards,Lithopolis,OH,"Lecturer, higher education",CAD
Padberg-Welch,grocery_pos,361.74,Teresa,Stein,Brunson,SC,Social researcher,CAD
"Koss, Hansen and Lueilwitz",home,60.46,Jodi,Foster,Bailey,NC,Call centre manager,CAD
Kozey-McDermott,travel,7.08,James,Baldwin,Winfield,WV,Exhibition designer,CAD
Fadel Inc,health_fitness,5.46,Natasha,Mclaughlin,Napa,CA,Airline pilot,USD
"Haley, Batz and Auer",health_fitness,131.5,Daniel,Owens,Howells,NE,Research scientist (maths),CAD
"Romaguera, Wehner and Tromp",kids_pets,74.95,Monique,Martin,Ratcliff,TX,"Engineer, production",USD
"Parker, Nolan and Trantow",entertainment,112.91,Ashley,Lopez,Bellmore,NY,"Librarian, public",CAD
Stoltenberg-Beatty,shopping_pos,97.44,Daniel,Graham,Arvada,CO,Hotel manager,USD
Heller-Langosh,gas_transport,46.4,Haley,Wagner,Annapolis,MD,"Accountant, chartered certified",CAD
Gerhold LLC,home,11.63,Chris,White,Bessemer,AL,Radio broadcast assistant,CAD
Haag-Blanda,food_dining,3.51,Samuel,Jenkins,Westport,KY,Pensions consultant,USD
"Stanton, Jakubowski and Baumbach",shopping_net,8.47,Rachel,Villarreal,University,MS,Curator,CAD
Watsica LLC,personal_care,4.34,Jason,Singh,Murrayville,IL,Commercial/residential surveyor,CAD
Corwin-Collins,gas_transport,62.08,Robert,Ashley,Port Costa,CA,Armed forces training and education officer,CAD
Parisian and Sons,gas_transport,59.17,Andrew,Patterson,Thida,AR,Careers information officer,USD
Eichmann-Kilback,home,150.68,Michelle,Woods,Munith,MI,Geophysicist/field seismologist,CAD
Hammes-Beatty,kids_pets,24.79,Donna,Davis,Clayton,OK,Occupational psychologist,CAD
Hamill-Daugherty,misc_net,9.02,Elizabeth,Maxwell,Burlington,WA,Public house manager,USD
"Kerluke, Considine and Macejkovic",misc_net,173.55,Grace,Williams,Plantersville,AL,Drilling engineer,CAD
Corwin-Collins,gas_transport,44.68,Lisa,Mendez,Lahoma,OK,"Programme researcher, broadcasting/film/video",CAD
"Osinski, Ledner and Leuschke",grocery_pos,122.05,William,Cannon,Union,WV,Chartered public finance accountant,CAD
Ankunding LLC,shopping_net,2.88,Mary,Rodriguez,Winslow,AR,Musician,CAD
"Lesch, D'Amore and Brown",food_dining,9.65,Candice,Brown,O Brien,TX,Warden/ranger,CAD
Gerhold LLC,home,57.65,Cesar,Smith,Jefferson,NY,Diagnostic radiographer,CAD
Abernathy and Sons,food_dining,1.04,Phillip,Robertson,Harrodsburg,IN,Social researcher,USD
Jaskolski-Dibbert,grocery_net,45.88,Tina,Lawrence,Nobleboro,ME,Financial trader,USD
Keeling-Crist,misc_pos,968.8,Audrey,Hickman,Mount Clemens,MI,"Psychologist, sport and exercise",CAD
Kilback LLC,grocery_pos,80.04,Renee,Parrish,Mountain Park,OK,Research scientist (life sciences),CAD
Gislason Group,misc_pos,1.37,Gina,Morrison,Allentown,PA,"Scientist, research (maths)",USD
Volkman-Predovic,shopping_net,48.33,Pamela,Matthews,Llano,NM,Architectural technologist,USD
Botsford and Sons,home,56.77,Erica,Briggs,Oolitic,IN,Counsellor,CAD
Cartwright-Harris,grocery_pos,74.67,Daniel,Cain,Belmond,IA,Community pharmacist,CAD
Parker-Kunde,personal_care,66.24,Tanya,Williams,Brownville,NY,"Producer, radio",USD
"Goldner, Kovacek and Abbott",grocery_pos,101.79,Tammie,Harper,Westfir,OR,Forensic psychologist,USD
"Stroman, Hudson and Erdman",gas_transport,74.93,Jesse,Roberts,Acworth,NH,Naval architect,CAD
Gulgowski LLC,home,43.85,Ashley,Blanchard,West Palm Beach,FL,Historic buildings inspector/conservation officer,CAD
Skiles LLC,home,24.62,Sarah,Clark,North Wilkesboro,NC,Dispensing optician,CAD
Brown Inc,kids_pets,40.47,Michael,Flores,Saxon,WI,Television/film/video producer,CAD
"Kovacek, Dibbert and Ondricka",grocery_pos,93.89,Rita,Myers,Tampa,FL,Waste management officer,CAD
Nader-Maggio,personal_care,5.47,Kayla,Obrien,Prairie Hill,TX,Barrister,CAD
Friesen Ltd,health_fitness,85.18,Taylor,Khan,North Washington,PA,Patent attorney,CAD
Corwin-Collins,gas_transport,62.1,Linda,Hurst,Wilton,ND,"Designer, ceramics/pottery",CAD
Barton Inc,grocery_pos,110.92,Theresa,Blackwell,Shenandoah Junction,WV,Systems developer,USD
"Jenkins, Hauck and Friesen",gas_transport,76.52,Lisa,Lin,Lomax,IL,Environmental consultant,CAD
Reichel LLC,personal_care,1.89,Katherine,Tucker,Lakeland,FL,Clothing/textile technologist,CAD
Cole PLC,grocery_pos,118.18,William,Skinner,Mount Hope,AL,"Librarian, academic",CAD
"Schneider, Hayes and Nikolaus",food_dining,96.83,Justin,Gay,Harborcreek,PA,Event organiser,USD
Gutmann Ltd,grocery_net,83.83,Pamela,Curtis,Mill Creek,PA,Archaeologist,CAD
Klein Group,entertainment,62.38,Susan,Hardy,Manistique,MI,Trade mark attorney,CAD
Prohaska-Murray,gas_transport,72.07,Charles,Robles,Saint Petersburg,FL,"Engineer, land",CAD
Reilly LLC,home,13.04,Emily,Hall,Basye,VA,"Engineer, mining",CAD
"Zemlak, Tillman and Cremin",personal_care,75.57,Bradley,Martinez,Burns Flat,OK,Politician's assistant,CAD
"Watsica, Haag and Considine",shopping_pos,4.31,Dwayne,Martinez,Crownpoint,NM,IT consultant,USD
Mayert Group,shopping_pos,7.37,Patrick,Vaughan,Parsonsfield,ME,Audiological scientist,USD
Sporer-Keebler,personal_care,78.19,Peter,Edwards,Allentown,GA,"Lecturer, higher education",CAD
"Welch, Rath and Koepp",entertainment,25.52,Zachary,Allen,Ollie,IA,Commercial horticulturist,CAD
"Yost, Schamberger and Windler",kids_pets,10.3,Danielle,Evans,Breesport,NY,Psychotherapist,CAD
Cummings Group,grocery_net,52.78,Hayden,Sanders,Montandon,PA,Orthoptist,USD
"Roberts, Daniel and Macejkovic",kids_pets,202.77,Alan,Parsons,Kirk,CO,Network engineer,CAD
"Reilly, Heaney and Cole",gas_transport,76.69,Lisa,Lowe,Cottekill,NY,Comptroller,CAD
"Zieme, Bode and Dooley",gas_transport,71.43,John,Peters,Mayersville,MS,Technical brewer,CAD
Kuhn Group,food_dining,16.89,Tara,Richards,Keisterville,PA,Systems developer,USD
Kilback LLC,grocery_pos,141.41,Kristina,Lewis,Tulsa,OK,Bookseller,CAD
Dach-Nader,misc_net,133.33,Nathan,Thomas,Carlisle,IN,Energy engineer,CAD
Fisher Inc,shopping_net,8.86,Rebecca,Farley,Downsville,NY,"Psychotherapist, child",CAD
Stiedemann Inc,misc_pos,4.95,Christopher,Henry,Armonk,NY,Television/film/video producer,CAD
Volkman PLC,food_dining,66.21,Patrick,Vaughan,Parsonsfield,ME,Audiological scientist,CAD
Dietrich-Fadel,health_fitness,77.25,William,Thomas,Lahoma,OK,Podiatrist,CAD
"Olson, Becker and Koch",gas_transport,62.19,Scott,Martin,Freedom,WY,"Education officer, museum",CAD
Volkman PLC,food_dining,5.28,Victoria,Fleming,Stanchfield,MN,"Lecturer, further education",CAD
DuBuque LLC,grocery_pos,37.04,David,Everett,Morrisdale,PA,Advice worker,CAD
Gleason and Sons,kids_pets,47.11,Christian,Roman,Grand Junction,TN,Clothing/textile technologist,USD
Padberg-Rogahn,entertainment,14.27,Christopher,Patterson,Timberville,VA,Waste management officer,CAD
"Hermiston, Russel and Price",food_dining,64.67,Tyler,Garcia,Doe Hill,VA,Dance movement psychotherapist,CAD
Wiza LLC,misc_pos,40.9,Xavier,Beltran,Big Creek,KY,"Psychologist, forensic",CAD
"O'Reilly, Mohr and Purdy",home,45.92,Matthew,Lambert,New Holstein,WI,Child psychotherapist,CAD
"Labadie, Treutel and Bode",shopping_net,8.92,Pamela,Curtis,Mill Creek,PA,Archaeologist,CAD
Padberg-Welch,grocery_pos,113.51,Francisco,Kemp,Arnold,MO,Land/geomatics surveyor,USD
Romaguera Ltd,health_fitness,15.67,Monica,Tucker,Smiths Grove,KY,"Therapist, sports",CAD
Pagac LLC,shopping_pos,6.01,Nathan,Martinez,Oconto Falls,WI,Mining engineer,CAD
Hyatt-Blick,travel,1.69,Sharon,Smith,Sun City,CA,"Designer, exhibition/display",CAD
"Schaefer, Maggio and Daugherty",gas_transport,75.32,Hannah,Thomas,Hedley,TX,Early years teacher,CAD
"Jenkins, Hauck and Friesen",gas_transport,49.53,Patricia,Rodriguez,Warren,OH,Magazine features editor,CAD
Bednar Group,misc_net,12.95,Margaret,Ward,Azusa,CA,Civil Service fast streamer,CAD
Yost-Rogahn,personal_care,101.42,Destiny,Lowe,Hannawa Falls,NY,Chief Executive Officer,CAD
Schmitt Ltd,misc_net,3.48,Katelyn,Wise,Scotts Mills,OR,"Engineer, petroleum",CAD
"Schaefer, Maggio and Daugherty",gas_transport,34.51,Lisa,Lin,Lomax,IL,Environmental consultant,CAD
"Weimann, Kuhic and Beahan",shopping_pos,2.57,Scott,Fuller,Haw River,NC,Paramedic,CAD
Jacobi Inc,health_fitness,48.09,Ashley,Cruz,Saint Amant,LA,"Surveyor, rural practice",USD
Kuphal-Bartoletti,misc_net,12.09,Ellen,Carrillo,Odessa,MO,Clinical research associate,CAD
Hammes-Beatty,kids_pets,22.94,David,Wolfe,Southfield,MI,"Engineer, automotive",USD
Dickinson Ltd,personal_care,12.96,Michelle,Gregory,Edisto Island,SC,"Sales professional, IT",CAD
Huels-Hahn,gas_transport,41.17,Beth,Lambert,Roosevelt,OK,Amenity horticulturist,CAD
Kemmer-Reinger,grocery_net,44.69,James,Lynch,Utica,PA,Garment/textile technologist,CAD
Erdman-Ebert,personal_care,54.8,Brenda,Johnson,Norwich,OH,Research scientist (medical),CAD
Torphy-Goyette,shopping_pos,4.78,Robert,Martinez,Pueblo,CO,Further education lecturer,CAD
"Goldner, Kovacek and Abbott",grocery_pos,166.1,Vanessa,Anderson,Prosperity,SC,Archaeologist,CAD
"Ferry, Lynch and Kautzer",misc_net,11.24,Ann,Lawson,Burbank,WA,Musician,CAD
Cruickshank-Mills,entertainment,11.94,Joseph,Wagner,North Judson,IN,"Doctor, general practice",CAD
"Jenkins, Hauck and Friesen",gas_transport,65.18,Carl,Hernandez,Paulding,OH,Secondary school teacher,CAD
Effertz LLC,entertainment,132.53,Terri,Bailey,Daly City,CA,"Buyer, industrial",CAD
Pacocha-Weissnat,kids_pets,75.84,Kimberly,Myers,Higganum,CT,"Librarian, academic",CAD
Schuppe-Schuppe,food_dining,5.02,Samuel,Johnston,Birmingham,AL,Musician,CAD
"Schaefer, McGlynn and Bosco",gas_transport,70.66,Krystal,Key,Corsica,PA,Maintenance engineer,USD
Kertzmann LLC,health_fitness,75.04,William,Marshall,Collegeville,MN,Farm manager,CAD
Feil-Morar,health_fitness,14.14,Barbara,Taylor,Elberta,MI,"Exhibitions officer, museum/gallery",USD
Predovic Inc,shopping_net,12.87,Sharon,Smith,Sun City,CA,"Designer, exhibition/display",CAD
Gerhold LLC,home,65.32,James,Hunt,Pointe Aux Pins,MI,Electrical engineer,CAD
Hudson-Ratke,grocery_pos,66.08,Michael,Orozco,Alder,MT,Chief of Staff,CAD
Christiansen-Gusikowski,misc_pos,27.93,Brenda,Perez,Coyle,OK,Amenity horticulturist,CAD
Bernhard Inc,gas_transport,52.89,Barbara,Norman,New York City,NY,Herbalist,CAD
"O'Reilly, Mohr and Purdy",home,15.61,Monique,Martin,Ratcliff,TX,"Engineer, production",USD
Rutherford-Mertz,grocery_pos,101.07,Hannah,Thomas,Hedley,TX,Early years teacher,CAD
"Weimann, Kuhic and Beahan",shopping_pos,2.46,Drew,Garcia,Lima,OH,"Copywriter, advertising",CAD
Hammes-Beatty,kids_pets,26.88,Julie,Sanchez,Bowersville,OH,Quantity surveyor,CAD
"Bernhard, Grant and Langworth",shopping_pos,634.22,Kristin,Williams,Miamisburg,OH,"Investment banker, corporate",USD
Hilpert-Conroy,kids_pets,49.0,Michael,Lee,Shelter Island,NY,Clinical biochemist,CAD
"Schumm, Bauch and Ondricka",grocery_pos,205.56,Kimberly,Martin,Hurricane,WV,Sub,CAD
"Schroeder, Hauck and Treutel",entertainment,37.8,Jessica,Ward,Phoenix,AZ,Contractor,CAD
Spencer PLC,entertainment,3.55,Gary,Barnes,Smackover,AR,Financial adviser,USD
Emard Inc,gas_transport,81.57,Antonio,Koch,Moab,UT,Location manager,CAD
"Morissette, Weber and Wiegand",grocery_net,51.47,Mary,Wall,Plainfield,NJ,Leisure centre manager,CAD
"Osinski, Ledner and Leuschke",grocery_pos,201.52,Jennifer,Banks,Moravian Falls,NC,"Psychologist, counselling",CAD
"Lockman, West and Runte",grocery_pos,51.63,Drew,Garcia,Lima,OH,"Copywriter, advertising",CAD
Smith-Stokes,misc_pos,320.8,Sara,Harris,Tupper Lake,NY,Chartered loss adjuster,CAD
Stamm-Rodriguez,misc_pos,173.53,Dylan,Garcia,Afton,MN,Barrister's clerk,CAD
"Prosacco, Kreiger and Kovacek",home,59.57,Thomas,Mathis,Moores Hill,IN,Sub,CAD
Weimann-Lockman,kids_pets,23.52,Carrie,Washington,Kingsford Heights,IN,"Psychologist, forensic",CAD
Kassulke Inc,entertainment,80.16,Jeffrey,Smith,Bridger,MT,Chartered loss adjuster,CAD
Kiehn-Emmerich,grocery_pos,104.2,Jeff,Elliott,Columbia,SC,Mechanical engineer,CAD
Harris Inc,gas_transport,47.86,Christine,Best,Enola,AR,"Physicist, medical",CAD
"Ledner, Hartmann and Feest",health_fitness,2.96,Jacqueline,Curry,Marathon,TX,Lexicographer,CAD
Ullrich Ltd,kids_pets,23.53,Leslie,Ford,Henderson,WV,Building services engineer,CAD
Berge LLC,gas_transport,47.7,Judy,Hogan,Brooklyn,NY,Medical sales representative,CAD
O'Keefe-Hudson,grocery_pos,73.38,Shannon,Patterson,Mount Morris,NY,Acupuncturist,CAD
McGlynn-Jaskolski,misc_pos,12.74,William,Perry,Denham Springs,LA,Herbalist,CAD
Jast Ltd,shopping_net,97.43,John,Vega,Garfield,KS,Equality and diversity officer,CAD
Fisher-Schowalter,shopping_net,371.05,Erin,Chavez,Littleton,CO,Water engineer,CAD
"Turner, Ziemann and Lehner",food_dining,31.1,Maria,Garcia,Orangeburg,NY,Records manager,CAD
Lind-Buckridge,entertainment,19.41,Alicia,Morales,Meredith,CO,Public relations account executive,CAD
Bartoletti and Sons,personal_care,219.05,Eric,Preston,Mesa,ID,Cartographer,USD
Fisher-Schowalter,shopping_net,8.76,Carol,Dillon,Whaleyville,MD,Regulatory affairs officer,USD
Spinka-Welch,grocery_net,58.99,Charles,Moreno,Key West,FL,Town planner,CAD
Price Inc,shopping_net,8.86,Vanessa,Anderson,Prosperity,SC,Archaeologist,CAD
Dooley Inc,shopping_pos,5.65,Elizabeth,Payne,Grassflat,PA,Pension scheme manager,CAD
Bode-Schuster,kids_pets,85.49,Vincent,Waller,Lohrville,IA,Administrator,CAD
"Moore, Williamson and Emmerich",home,16.28,Kathleen,Martin,New Waverly,TX,"Scientist, biomedical",CAD
"Klocko, Runolfsdottir and Breitenberg",health_fitness,106.29,Samuel,Frey,Edmond,OK,Media buyer,CAD
Howe Ltd,misc_pos,61.59,Danielle,Yu,Thrall,TX,Press sub,CAD
Koepp-Parker,grocery_pos,198.58,Stephanie,Taylor,Saint Paul,MN,Fisheries officer,CAD
Kerluke Inc,misc_net,3.31,Matthew,Russell,June Lake,CA,Health service manager,CAD
Gleason-Macejkovic,shopping_net,2.31,Wayne,Payne,Cuyahoga Falls,OH,Equities trader,CAD
Friesen-Ortiz,personal_care,85.68,Tyler,Garcia,Doe Hill,VA,Dance movement psychotherapist,USD
Schumm PLC,health_fitness,48.09,James,Cooper,Huntsville,AL,Television production assistant,CAD
Murray-Smitham,grocery_pos,80.6,Chris,Dixon,Williams,IN,Financial adviser,CAD
Heller PLC,health_fitness,41.22,Mario,Johns,Brinson,GA,"Engineer, broadcasting (operations)",CAD
"Little, Gutmann and Lynch",shopping_net,94.96,Joseph,Davis,Nazareth,TX,Petroleum engineer,CAD
Kuhic Inc,grocery_pos,188.39,Savannah,Lewis,North Tonawanda,NY,Ambulance person,CAD
Kautzer and Sons,personal_care,33.04,Marissa,Powell,North Loup,NE,"Nurse, children's",CAD
Prosacco LLC,personal_care,18.59,Zachary,Allen,Ollie,IA,Commercial horticulturist,USD
"Gottlieb, Considine and Schultz",shopping_net,6.18,Gregory,Graham,Methuen,MA,Market researcher,CAD
Little Ltd,kids_pets,21.4,Diane,Smith,Winter,WI,Neurosurgeon,CAD
Terry Ltd,home,234.74,Julia,Bell,West Sayville,NY,Film/video editor,CAD
Wisozk and Sons,misc_pos,2.6,Joshua,Mendoza,Tallmansville,WV,Accounting technician,CAD
Daugherty LLC,kids_pets,33.06,Anna,Logan,Cleveland,TX,Building surveyor,USD
Kub-Heaney,health_fitness,51.85,Jack,Hill,Grenada,CA,Systems analyst,CAD
Rempel PLC,grocery_net,15.25,Dorothy,Thomas,Milford,OH,Hospital doctor,CAD
"Weimann, Kuhic and Beahan",shopping_pos,9.66,Angela,Hodges,Indianapolis,IN,Firefighter,CAD
Kilback LLC,grocery_pos,43.03,Charles,Moreno,Key West,FL,Town planner,USD
Waelchi-Wolf,kids_pets,8.87,Christine,Burns,Comfort,WV,Fine artist,USD
"Fadel, Mertz and Rippin",entertainment,113.77,Donna,Moreno,Ronceverte,WV,Statistician,CAD
"Cole, Hills and Jewess",home,18.19,Willie,Jordan,Spearsville,LA,"Psychologist, forensic",USD
Torp-Lemke,misc_pos,249.81,Lori,Ramirez,Ranier,MN,Ceramics designer,CAD
Collier LLC,home,15.62,Jodi,Foster,Bailey,NC,Call centre manager,CAD
Berge-Ullrich,home,95.21,Jessica,Werner,Center Point,WV,Chief Executive Officer,CAD
Stamm-Rodriguez,misc_pos,6.19,Randy,Murphy,Ballwin,MO,"Engineer, communications",CAD
"Stehr, Jewess and Schimmel",misc_net,166.4,Sally,Moore,Hopkins,SC,Chiropodist,CAD
Swift PLC,kids_pets,63.09,Nicholas,Mcmahon,Heiskell,TN,"Geologist, wellsite",CAD
Bednar Group,misc_net,1.41,Amanda,Spencer,Ogdensburg,NJ,Senior tax professional/tax inspector,CAD
O'Connell-Ullrich,home,11.22,Dawn,Stephens,Oran,IA,Sports administrator,USD
Kris-Kertzmann,travel,1.7,Dale,Smith,Purmela,TX,Web designer,CAD
Block Group,misc_pos,4.07,Christine,Harris,Hinesburg,VT,Claims inspector/assessor,CAD
"Bernhard, Grant and Langworth",shopping_pos,1.18,Steven,Sanders,Ozawkie,KS,Theatre director,CAD
Lubowitz-Walter,kids_pets,130.09,Sherry,Martinez,Garrattsville,NY,Naval architect,USD
Schmitt Inc,gas_transport,53.91,Dawn,Stephens,Oran,IA,Sports administrator,CAD
Pfeffer LLC,grocery_net,79.43,Michelle,Johnston,Roma,TX,IT trainer,CAD
Kuhn LLC,shopping_pos,9.46,Karen,Gordon,Utica,MO,Land/geomatics surveyor,USD
"Moen, Reinger and Murphy",grocery_pos,97.43,Nathan,Martinez,Oconto Falls,WI,Mining engineer,CAD
Bernier and Sons,kids_pets,52.82,Wesley,Parker,Mc Intosh,SD,"Designer, industrial/product",CAD
"Romaguera, Cruickshank and Greenholt",shopping_net,9.64,Tabitha,Reyes,New York City,NY,"Pharmacist, hospital",CAD
"Lang, Towne and Schuppe",kids_pets,83.26,Timothy,Gomez,Leo,IN,Biomedical engineer,CAD
"Johnston, Nikolaus and Maggio",grocery_net,39.59,Kevin,Elliott,Newark Valley,NY,Further education lecturer,CAD
Fadel Inc,health_fitness,75.38,Jason,Murphy,Collettsville,NC,Soil scientist,CAD
Bins-Howell,personal_care,67.65,Cristian,Jones,Wilmette,IL,Trade mark attorney,CAD
Abbott-Steuber,personal_care,40.49,Christopher,Ortega,Princeton,IA,Agricultural consultant,CAD
Hermann-Gaylord,misc_pos,113.33,Christine,Harris,Hinesburg,VT,Claims inspector/assessor,CAD
Monahan-Morar,personal_care,4.38,Ashley,Whitehead,Cowlesville,NY,Colour technologist,CAD
Denesik and Sons,shopping_pos,3.26,Jessica,Werner,Center Point,WV,Chief Executive Officer,CAD
Rippin-VonRueden,health_fitness,28.27,Charles,Preston,Seneca,WI,Quantity surveyor,CAD
"Ledner, Hartmann and Feest",health_fitness,35.3,Brian,Williams,Titusville,FL,Set designer,CAD
"Lind, Huel and McClure",gas_transport,60.42,Natalie,Watson,Los Angeles,CA,"Journalist, newspaper",CAD
Marks Inc,gas_transport,76.43,Jessica,Jordan,Coleharbor,ND,Make,CAD
Schimmel-Olson,kids_pets,17.48,Jared,Velazquez,Matawan,NJ,Drilling engineer,CAD
Fahey Inc,kids_pets,269.31,Justin,Fowler,Coffeeville,MS,Financial trader,CAD
"Goldner, Kovacek and Abbott",grocery_pos,81.38,Mackenzie,Salazar,Bagley,WI,Risk analyst,USD
Kuhn Group,food_dining,2.82,Joanne,Williams,Altonah,UT,"Sales professional, IT",CAD
Shields-Wunsch,health_fitness,33.93,Regina,Johnston,Westhampton Beach,NY,Financial trader,CAD
Kassulke PLC,shopping_net,10.3,Beth,Lambert,Roosevelt,OK,Amenity horticulturist,CAD
Emmerich-Luettgen,grocery_net,58.27,David,Rodriguez,Muskegon,MI,Historic buildings inspector/conservation officer,USD
"Schuppe, Nolan and Hoeger",shopping_pos,2.0,Rebecca,Conley,Tomahawk,WI,Seismic interpreter,CAD
"Romaguera, Wehner and Tromp",kids_pets,78.09,David,Erickson,East Rochester,NY,Retail buyer,CAD
"Becker, Harris and Harvey",personal_care,19.12,Melissa,Phillips,Meadville,MS,"Therapist, horticultural",CAD
"Ferry, Lynch and Kautzer",misc_net,429.61,Robin,Smith,Coleman,TX,Radio producer,CAD
Kris-Padberg,shopping_pos,157.61,Bradley,Martinez,Burns Flat,OK,Politician's assistant,CAD
"Streich, Dietrich and Barton",shopping_net,54.82,Jacqueline,Caldwell,Riverview,MI,Writer,CAD
Bartoletti-Wunsch,gas_transport,68.39,Wayne,Marsh,Dumont,CO,Mental health nurse,CAD
Rempel Inc,shopping_net,4.7,Kristen,Allen,Lagrange,WY,Product/process development scientist,CAD
Reichel Inc,entertainment,27.24,Larry,House,Cochranton,PA,Retail merchandiser,USD
Vandervort-Funk,grocery_pos,169.7,Jessica,Terry,Maysville,KY,Advertising account executive,USD
Botsford Ltd,shopping_pos,8.45,Charles,Carrillo,Hawthorne,CA,"Editor, magazine features",USD
Bauch-Raynor,grocery_pos,84.94,Vincent,Cain,Hartford,AL,Jewellery designer,USD
Lind-Buckridge,entertainment,21.17,Cesar,Smith,Jefferson,NY,Diagnostic radiographer,USD
Weber and Sons,food_dining,12.72,Katelyn,Wise,Scotts Mills,OR,"Engineer, petroleum",CAD
Bins-Rice,gas_transport,46.6,James,Reese,Sontag,MS,"Librarian, academic",CAD
Abshire PLC,entertainment,23.72,Rachel,Villarreal,University,MS,Curator,USD
"Torp, Muller and Borer",health_fitness,8.19,Maureen,Garza,Saint Louis,MO,Occupational hygienist,CAD
"Schumm, Bauch and Ondricka",grocery_pos,43.57,Jared,Velazquez,Matawan,NJ,Drilling engineer,CAD
Gleason and Sons,kids_pets,71.01,Sara,Ramirez,Birmingham,IA,Camera operator,USD
"Boehm, Predovic and Reinger",misc_pos,6.28,Kenneth,Richards,Norwalk,OH,Copy,CAD
"Weber, Thiel and Hammes",kids_pets,212.89,Mark,Allen,De Queen,AR,"Scientist, biomedical",CAD
Ledner-Pfannerstill,gas_transport,65.9,Teresa,Blankenship,Karnack,TX,Chiropodist,CAD
Flatley-Durgan,misc_net,5.92,Mark,Nguyen,Sea Island,GA,"Engineer, structural",CAD
"Larson, Quitzon and Spencer",travel,4.09,Jessica,Garcia,Mc Cracken,KS,Film/video editor,CAD
Medhurst PLC,shopping_net,4.02,Patricia,Leach,Kingsport,TN,Warden/ranger,CAD
"Fadel, Mertz and Rippin",entertainment,235.98,Judith,Moss,Washington Court House,OH,Television floor manager,CAD
"Daugherty, Pouros and Beahan",shopping_pos,6.58,Kayla,Jones,East Canaan,CT,Comptroller,USD
Terry Ltd,home,147.51,Jodi,Foster,Bailey,NC,Call centre manager,USD
Deckow-O'Conner,grocery_pos,112.81,Robert,Williams,Bay City,MI,Water quality scientist,CAD
"Metz, Russel and Metz",kids_pets,13.68,Valerie,Davis,Drakes Branch,VA,Energy engineer,USD
Doyle Ltd,grocery_pos,59.69,Kylie,Kirby,Shedd,OR,Radio broadcast assistant,USD
"Parisian, Schiller and Altenwerth",misc_net,3.49,Melissa,Brown,Washington,DC,Prison officer,USD
Conroy-Emard,food_dining,35.73,Jodi,Foster,Bailey,NC,Call centre manager,CAD
"O'Reilly, Mohr and Purdy",home,58.49,Gina,Grimes,Clarks Mills,PA,Energy manager,USD
"Schaefer, McGlynn and Bosco",gas_transport,100.63,Christina,Moore,West Finley,PA,Theme park manager,CAD
Ankunding LLC,shopping_net,2.29,James,Strickland,Spring Church,PA,Public relations account executive,USD
"Raynor, Reinger and Hagenes",gas_transport,78.63,Daniel,Briggs,Moriarty,NM,"Therapist, art",CAD
Erdman-Schaden,personal_care,45.66,Taylor,Khan,North Washington,PA,Patent attorney,USD
Schamberger-O'Keefe,grocery_pos,211.49,Melissa,Meza,Loxahatchee,FL,Paramedic,CAD
Hills-Witting,shopping_net,93.18,Jonathan,Byrd,Premier,WV,Advice worker,USD
"Connelly, Reichert and Fritsch",gas_transport,77.4,Debbie,Payne,Preston,CT,Broadcast presenter,CAD
"Hagenes, Hermann and Stroman",travel,9.88,Robert,Velazquez,Parker,CO,Materials engineer,USD
Heathcote LLC,shopping_net,95.05,John,Nichols,Bryant,WI,Information systems manager,CAD
Little Ltd,kids_pets,32.77,Tamara,Martinez,Matthews,MO,Aeronautical engineer,USD
Pfeffer LLC,grocery_net,45.58,Ronald,White,Beaverdam,OH,Museum/gallery conservator,CAD
"Daugherty, Pouros and Beahan",shopping_pos,4.97,Jason,Gray,Amorita,OK,Barrister's clerk,USD
"Zieme, Bode and Dooley",gas_transport,49.0,Jessica,Garcia,Mc Cracken,KS,Film/video editor,CAD
Jacobi and Sons,shopping_pos,12.32,Barbara,Nelson,Valdosta,GA,Educational psychologist,CAD
"Hoppe, Harris and Bednar",entertainment,30.84,Victoria,Fleming,Stanchfield,MN,"Lecturer, further education",CAD
Leannon-Nikolaus,travel,6.14,Mary,Mcintyre,Eugene,OR,"Scientist, physiological",CAD
Jacobi Inc,health_fitness,61.58,Jessica,Perez,Superior,AZ,Petroleum engineer,USD
"Herman, Treutel and Dickens",misc_net,253.77,Valerie,Clark,Lowell,OR,Systems analyst,USD
"Nicolas, Hills and McGlynn",entertainment,2.49,Mark,Wood,Bowdoin,ME,"Engineer, electronics",CAD
Schaefer Ltd,kids_pets,95.16,Billy,Mcdonald,Camden,MO,Colour technologist,CAD
Durgan-Auer,misc_net,237.85,Jamie,Robinson,Sturgis,MS,Medical physicist,CAD
Gibson-Deckow,entertainment,34.86,Joseph,Moody,Kenner,LA,"Engineer, petroleum",USD
Shanahan-Lehner,personal_care,67.22,Jeffrey,Lewis,Palermo,ND,Administrator,CAD
Kassulke Inc,entertainment,79.96,Adam,Riddle,Mount Saint Joseph,OH,Exhibition designer,CAD
"Haley, Batz and Auer",health_fitness,4.43,Lisa,Lowe,Cottekill,NY,Comptroller,USD
Pouros-Haag,shopping_pos,1.1,Cassandra,Sanders,Paauilo,HI,"Scientist, research (maths)",CAD
"Roberts, Ryan and Smith",personal_care,57.07,Billy,Gallagher,Greenwich,NJ,Insurance risk surveyor,CAD
"Turcotte, Batz and Buckridge",health_fitness,9.57,William,Skinner,Mount Hope,AL,"Librarian, academic",CAD
"Hoppe, Harris and Bednar",entertainment,173.76,Destiny,Lowe,Hannawa Falls,NY,Chief Executive Officer,CAD
"Ferry, Lynch and Kautzer",misc_net,57.53,Michael,Gross,Fulton,OH,Facilities manager,CAD
Bernhard-Lesch,food_dining,29.12,Melissa,Rodriguez,Jordanville,NY,Travel agency manager,CAD
Berge-Ullrich,home,97.82,Sarah,Adams,Ridgeland,MS,"Scientist, clinical (histocompatibility and immunogenetics)",CAD
"Goldner, Kovacek and Abbott",grocery_pos,93.91,George,Smith,Dallas,TX,"Designer, interior/spatial",CAD
"Roberts, Daniel and Macejkovic",kids_pets,15.77,James,Reese,Sontag,MS,"Librarian, academic",CAD
Stark-Koss,home,69.52,Christopher,Castaneda,High Rolls Mountain Park,NM,Naval architect,USD
Medhurst PLC,shopping_net,406.57,Susan,Hardy,Manistique,MI,Trade mark attorney,CAD
"Welch, Rath and Koepp",entertainment,255.86,Keith,Sanders,Moorhead,MS,Chartered public finance accountant,CAD
Renner Ltd,home,2.52,Crystal,Fuller,Issaquah,WA,Osteopath,CAD
"Windler, Goodwin and Kovacek",home,70.35,Nathan,Martinez,Oconto Falls,WI,Mining engineer,CAD
Auer-West,shopping_net,9.12,Mark,Wood,Bowdoin,ME,"Engineer, electronics",CAD
"Torp, Muller and Borer",health_fitness,48.41,Kelly,Zimmerman,Westerville,NE,Product designer,USD
Friesen Inc,shopping_pos,4.56,Derek,Jones,Diamond,OH,Air cabin crew,CAD
"Mosciski, Ziemann and Farrell",shopping_net,19.37,Bill,Lane,Holliday,TX,Chief Technology Officer,CAD
"Boehm, Predovic and Reinger",misc_pos,96.66,Margaret,Mendez,De Soto,KS,Chief Executive Officer,CAD
"McDermott, Osinski and Morar",home,150.31,Dorothy,Zuniga,Moriches,NY,"Research officer, trade union",CAD
Kassulke Inc,entertainment,8.64,Dakota,Maldonado,Pelham,NC,Insurance underwriter,CAD
"Monahan, Bogisich and Ledner",misc_pos,2.26,Christian,Johns,Lonsdale,MN,Chief Strategy Officer,CAD
"Hagenes, Kohler and Hoppe",food_dining,14.43,Gary,Martinez,Reno,NV,Immunologist,USD
Lynch-Wisozk,home,78.02,Jeremy,Roberson,Graniteville,VT,Agricultural consultant,USD
Kulas Group,health_fitness,43.94,Nathan,Thomas,Carlisle,IN,Energy engineer,CAD
Greenholt Ltd,health_fitness,46.8,Linda,Hurst,Wilton,ND,"Designer, ceramics/pottery",CAD
Predovic Inc,shopping_net,4.42,Monica,Lane,East Andover,ME,Animal nutritionist,CAD
Funk Group,grocery_net,30.68,Monica,Cohen,Uledi,PA,Tree surgeon,CAD
Stiedemann Ltd,food_dining,20.97,Frank,Anderson,Naples,FL,"Programme researcher, broadcasting/film/video",CAD
"Hahn, Bahringer and McLaughlin",personal_care,66.04,Aaron,Murray,Meadville,MO,Tourist information centre manager,CAD
Ernser-Feest,home,10.1,Michael,Olson,Luray,MO,Town planner,CAD
Gislason Group,travel,1.77,Jeremy,Moore,Lubbock,TX,"Doctor, general practice",CAD
Medhurst PLC,shopping_net,2.49,Paula,Estrada,Spencer,SD,"Development worker, international aid",CAD
Paucek-Wiza,grocery_net,70.83,Crystal,Gamble,Philadelphia,PA,Structural engineer,CAD
Nolan-Williamson,kids_pets,93.41,Casey,Howell,Blackville,SC,Technical brewer,CAD
Skiles-Ankunding,grocery_net,64.53,Cassandra,Sanders,Paauilo,HI,"Scientist, research (maths)",CAD
Stoltenberg-Beatty,shopping_pos,4.16,Mark,Wood,Bowdoin,ME,"Engineer, electronics",CAD
"Ledner, Hartmann and Feest",health_fitness,34.1,Melissa,Flores,Huntington Beach,CA,"Therapist, horticultural",CAD
Jaskolski-Vandervort,misc_net,7.41,Pamela,Matthews,Llano,NM,Architectural technologist,CAD
"Conroy, Balistreri and Gorczany",health_fitness,53.96,Jessica,Werner,Center Point,WV,Chief Executive Officer,CAD
"Gutmann, McLaughlin and Wiza",home,71.29,Christian,Roman,Grand Junction,TN,Clothing/textile technologist,CAD
Beer-Jast,kids_pets,19.29,Jessica,Perez,Superior,AZ,Petroleum engineer,USD
Yost-Rogahn,personal_care,11.0,Gerald,Frank,Des Moines,IA,Interior and spatial designer,CAD
Predovic Inc,shopping_net,1.0,Cassandra,Sanders,Paauilo,HI,"Scientist, research (maths)",CAD
"Swaniawski, Lowe and Robel",shopping_pos,3.79,Shelby,Mitchell,Brandon,VT,"Scientist, marine",CAD
Predovic Inc,shopping_net,12.3,Jeffrey,Smith,Sula,MT,"Therapist, horticultural",CAD
Corwin-Collins,gas_transport,70.33,David,Bonilla,West Green,GA,Audiological scientist,USD
Schumm PLC,health_fitness,71.21,Ryan,Johnson,Alva,WY,"Administrator, local government",CAD
"Crist, Jakubowski and Littel",home,53.9,Jessica,Potter,Red River,NM,"Surveyor, land/geomatics",USD
"Tillman, Dickinson and Labadie",gas_transport,75.33,Sharon,Johnson,Conway,WA,"Research officer, political party",CAD
Barrows PLC,shopping_pos,7.99,Barbara,Norman,New York City,NY,Herbalist,USD
"Schroeder, Hauck and Treutel",entertainment,74.64,Kurt,Peters,Kissee Mills,MO,"Engineer, agricultural",CAD
Wolf Inc,grocery_pos,205.78,Debbie,Payne,Preston,CT,Broadcast presenter,CAD
Kuhic Inc,grocery_pos,55.69,Audrey,Hickman,Mount Clemens,MI,"Psychologist, sport and exercise",CAD
Pollich LLC,home,34.48,Robert,Velazquez,Parker,CO,Materials engineer,USD
"Moore, Dibbert and Koepp",misc_net,81.95,Peter,Caldwell,Oaks,PA,Oceanographer,CAD
Eichmann-Russel,misc_pos,131.49,Sharon,Smith,Sun City,CA,"Designer, exhibition/display",CAD
Funk Group,grocery_net,45.26,Vincent,Flowers,Wichita,KS,Heritage manager,CAD
"Runolfsdottir, Mueller and Hand",entertainment,20.16,Kyle,James,Topeka,KS,Clinical cytogeneticist,USD
Hackett-Lueilwitz,grocery_pos,71.98,Alicia,Mitchell,Grand Ridge,FL,Art gallery manager,CAD
Morissette LLC,entertainment,4.93,Jennifer,Scott,Randolph,OH,Mechanical engineer,USD
Volkman Ltd,misc_net,2.88,Tracy,Conway,Bonfield,IL,Medical secretary,CAD
"Lubowitz, Terry and Stracke",personal_care,5.46,Jasmine,Foster,Phil Campbell,AL,"Engineer, aeronautical",CAD
Larkin Ltd,kids_pets,2.78,Christine,Best,Enola,AR,"Physicist, medical",CAD
"Ritchie, Bradtke and Stiedemann",travel,2.64,Amanda,Gomez,Dallas,TX,"Designer, ceramics/pottery",CAD
Gerhold LLC,home,73.23,Steven,Yoder,Summerfield,TX,Fisheries officer,USD
Terry Ltd,home,11.46,Jackie,Davis,Redford,MO,Investment analyst,CAD
Kerluke Inc,misc_net,18.26,Kyle,Park,Mount Perry,OH,Barrister's clerk,USD
"McDermott, Osinski and Morar",home,53.52,Donna,Moreno,Ronceverte,WV,Statistician,CAD
Rau and Sons,grocery_pos,92.26,Cassandra,Sanders,Paauilo,HI,"Scientist, research (maths)",CAD
Kerluke-Abshire,shopping_net,251.67,Mary,Wall,Plainfield,NJ,Leisure centre manager,USD
"Willms, Kris and Bergnaum",shopping_pos,25.13,Steven,Williams,Edinburg,VA,"Designer, multimedia",CAD
Jakubowski Group,food_dining,67.29,Christopher,Rodgers,Fenelton,PA,Communications engineer,CAD
Waelchi-Wolf,kids_pets,82.2,Margaret,Ray,Greendale,WI,Logistics and distribution manager,USD
Graham and Sons,health_fitness,20.82,Joanne,Padilla,Gardiner,OR,"Engineer, maintenance",CAD
"Kovacek, Dibbert and Ondricka",grocery_pos,101.15,Paula,Estrada,Spencer,SD,"Development worker, international aid",CAD
Gaylord-Powlowski,home,59.19,Leslie,Ford,Henderson,WV,Building services engineer,CAD
Lubowitz-Walter,kids_pets,27.51,Jerry,Kelly,Fairview,NJ,"Programmer, multimedia",CAD
Lemke and Sons,travel,9.62,Victoria,Mcbride,Clarksville,MO,Exercise physiologist,CAD
Daugherty LLC,kids_pets,7.59,Laura,Casey,Steuben,ME,Make,CAD
Schmitt Inc,gas_transport,78.06,Jeffrey,Rice,Moulton,IA,Probation officer,CAD
Gottlieb Group,kids_pets,12.68,Juan,Sherman,San Antonio,TX,Land,USD
Pacocha-Weissnat,kids_pets,87.23,Gail,Weaver,New Ellenton,SC,Biomedical scientist,CAD
Kilback Group,food_dining,54.2,William,Thompson,Rock Tavern,NY,Building surveyor,CAD
"Hayes, Marquardt and Dibbert",misc_net,5.06,Erika,Mason,Goreville,IL,"Teacher, secondary school",CAD
"O'Connell, Botsford and Hand",home,74.98,Kyle,Simmons,Oklahoma City,OK,Advertising copywriter,CAD
Renner Ltd,home,13.34,Charles,Robles,Saint Petersburg,FL,"Engineer, land",CAD
Quitzon-Goyette,home,37.79,Christopher,Castaneda,High Rolls Mountain Park,NM,Naval architect,CAD
Kuhic Inc,grocery_pos,44.61,James,Baldwin,Winfield,WV,Exhibition designer,CAD
Heller-Abshire,grocery_net,65.01,Angela,Ross,American Fork,UT,Futures trader,USD
Wisozk and Sons,misc_pos,8.55,Andrea,Cruz,Mifflin,PA,Mining engineer,CAD
Kiehn-Emmerich,grocery_pos,105.62,Robert,Long,Lonetree,WY,Research scientist (physical sciences),CAD
Reynolds-Schinner,misc_pos,3.38,Randy,Wood,Port Richey,FL,Environmental education officer,CAD
Little Ltd,kids_pets,110.37,Carrie,Lewis,Pecos,TX,"Merchandiser, retail",USD
Kassulke Inc,entertainment,117.74,Bryce,Joseph,Chester Heights,PA,Management consultant,USD
"Ruecker, Beer and Collier",shopping_net,6.5,Laura,Johns,Arcadia,SC,Animal technologist,USD
Bradtke PLC,grocery_pos,154.3,Kayla,Sutton,Carlotta,CA,"Therapist, occupational",CAD
"Hettinger, McCullough and Fay",home,40.15,Veronica,Burton,Bonita Springs,FL,Claims inspector/assessor,USD
Mayert Group,shopping_pos,7.42,James,Stephens,Ruckersville,VA,"Designer, ceramics/pottery",CAD
McGlynn-Jaskolski,misc_pos,5.1,George,Smith,Dallas,TX,"Designer, interior/spatial",USD
Doyle Ltd,grocery_pos,61.92,Samuel,Sandoval,Mounds,OK,Fitness centre manager,CAD
"Runolfsdottir, Mueller and Hand",entertainment,99.48,Tammy,Maldonado,Stittville,NY,Systems analyst,CAD
Kuhn Group,food_dining,4.36,James,Baldwin,Winfield,WV,Exhibition designer,CAD
Feil-Morar,health_fitness,78.06,Joseph,Davis,Nazareth,TX,Petroleum engineer,CAD
Marks Inc,gas_transport,76.33,Jeffrey,Vargas,Bolton,NC,"Engineer, biomedical",USD
Gaylord-Powlowski,home,6.58,Gary,Hall,Allentown,NY,Radio producer,USD
"Mante, Luettgen and Hackett",health_fitness,21.25,Ashley,Cruz,Saint Amant,LA,"Surveyor, rural practice",CAD
Sawayn PLC,shopping_pos,132.81,Matthew,Myers,Tower Hill,IL,Radio broadcast assistant,CAD
"Hyatt, Russel and Gleichner",health_fitness,61.75,Andrea,Lewis,Ashford,WA,Video editor,CAD
Kuhn LLC,misc_net,5.55,Brooke,Smith,Notrees,TX,Cytogeneticist,CAD
"Cremin, Hamill and Reichel",misc_pos,6.3,Travis,Hayes,Conway,NH,Surgeon,USD
"Olson, Becker and Koch",gas_transport,92.14,Cassandra,Sanders,Paauilo,HI,"Scientist, research (maths)",CAD
Wilkinson Ltd,entertainment,100.1,Louis,Fisher,Fort Washakie,WY,Freight forwarder,CAD
"Schumm, McLaughlin and Carter",food_dining,12.48,Jeffrey,Smith,Sula,MT,"Therapist, horticultural",CAD
"Gutmann, McLaughlin and Wiza",home,50.37,Maureen,Garza,Saint Louis,MO,Occupational hygienist,CAD
"Lockman, West and Runte",grocery_pos,143.07,Taylor,Khan,North Washington,PA,Patent attorney,CAD
"Zieme, Bode and Dooley",gas_transport,62.9,Lauren,Anderson,Heart Butte,MT,Water engineer,USD
Jakubowski Group,food_dining,11.64,Juan,Sherman,San Antonio,TX,Land,CAD
Mohr Inc,shopping_pos,5.25,Robert,Evans,Sachse,TX,Site engineer,CAD
Trantow PLC,grocery_net,114.75,William,Hunter,Emporium,PA,Public affairs consultant,USD
Wilkinson PLC,kids_pets,28.75,Dawn,Gray,Topeka,KS,Secondary school teacher,USD
"Kuhic, Bins and Pfeffer",shopping_net,6.22,Rachel,Daniels,Wetmore,MI,Immunologist,CAD
Cummerata-Jones,gas_transport,54.21,Emily,Hall,Basye,VA,"Engineer, mining",USD
"Turcotte, McKenzie and Koss",entertainment,79.67,John,Peters,Mayersville,MS,Technical brewer,USD
"Lockman, West and Runte",grocery_pos,64.86,Joseph,Morgan,San Diego,CA,Chartered public finance accountant,USD
"Terry, Johns and Bins",misc_pos,3.57,Aaron,Pena,Burke,VA,Health visitor,CAD
"Goldner, Kovacek and Abbott",grocery_pos,108.25,Bryan,Pugh,Margaretville,NY,Environmental health practitioner,USD
"Schumm, Bauch and Ondricka",grocery_pos,77.79,Shannon,Patterson,Mount Morris,NY,Acupuncturist,CAD
Corwin-Collins,gas_transport,52.82,Lindsay,Wilson,Centerview,MO,Electronics engineer,CAD
Leannon-Ward,food_dining,121.22,Theresa,Powell,Leonard,TX,Sub,USD
Botsford PLC,home,27.11,Margaret,Williams,Surrency,GA,"Engineer, technical sales",CAD
Turcotte-Halvorson,misc_pos,39.15,Adam,Riddle,Mount Saint Joseph,OH,Exhibition designer,CAD
"Greenholt, O'Hara and Balistreri",shopping_net,24.98,Veronica,Burton,Bonita Springs,FL,Claims inspector/assessor,CAD
"Lind, Huel and McClure",gas_transport,111.15,Monica,West,Hurley,SD,Neurosurgeon,CAD
"Haley, Batz and Auer",health_fitness,121.52,Vincent,Waller,Lohrville,IA,Administrator,CAD
Torphy-Kertzmann,health_fitness,27.56,Robert,Martinez,Pueblo,CO,Further education lecturer,USD
"Heathcote, Yost and Kertzmann",shopping_net,7.57,Christopher,Henry,Armonk,NY,Television/film/video producer,CAD
Lynch Ltd,shopping_pos,3.57,Destiny,Lowe,Hannawa Falls,NY,Chief Executive Officer,USD
Fisher Inc,shopping_net,81.15,William,Thomas,Lahoma,OK,Podiatrist,USD
Metz-Boehm,shopping_pos,8.75,Christine,Burns,Comfort,WV,Fine artist,CAD
"Monahan, Hermann and Johns",travel,5.0,Carolyn,Thomas,New Memphis,IL,Magazine journalist,CAD
Nader-Heller,misc_net,47.89,Gina,Grimes,Clarks Mills,PA,Energy manager,USD
"Larkin, Stracke and Greenfelder",entertainment,130.36,Donna,Davis,Clayton,OK,Occupational psychologist,USD
Ernser-Feest,home,9.95,Robert,Evans,Sachse,TX,Site engineer,CAD
Bauch-Raynor,grocery_pos,108.0,Jessica,Potter,Red River,NM,"Surveyor, land/geomatics",CAD
Watsica LLC,personal_care,200.66,Connie,Carroll,Duncan,MS,Trading standards officer,CAD
Crooks and Sons,personal_care,175.58,Melissa,Brown,Washington,DC,Prison officer,CAD
Leannon-Nikolaus,travel,2.39,Bianca,Novak,Cuthbert,GA,Fitness centre manager,CAD
Kiehn Inc,grocery_pos,116.37,Vincent,Cain,Hartford,AL,Jewellery designer,CAD
"Rowe, Batz and Goodwin",grocery_pos,128.95,Stephanie,Gill,Orient,WA,Special educational needs teacher,CAD
Ruecker Group,misc_net,162.9,Kenneth,Sanchez,Tekoa,WA,Clothing/textile technologist,CAD
Botsford Ltd,shopping_pos,138.48,Allen,Bell,Saint Bonaventure,NY,Toxicologist,CAD
Hills-Boyer,personal_care,194.44,Jerry,Robinson,Arcadia,MI,"Designer, jewellery",CAD
Huel-Langworth,misc_net,10.18,Melissa,Krause,Fordoche,LA,Community education officer,USD
"Hahn, Bahringer and McLaughlin",personal_care,8.0,Brian,Williams,Titusville,FL,Set designer,CAD
Kub PLC,personal_care,3.31,Christopher,Gilbert,Washington,DC,"Optician, dispensing",CAD
Brown Inc,kids_pets,9.1,Anna,Logan,Cleveland,TX,Building surveyor,CAD
Padberg-Welch,grocery_pos,29.71,Benjamin,Harris,Chester,MD,Paediatric nurse,CAD
"Kerluke, Kertzmann and Wiza",misc_net,2.54,Richard,Carter,Minneapolis,MN,Chemical engineer,USD
"Jenkins, Hauck and Friesen",gas_transport,85.85,William,Skinner,Mount Hope,AL,"Librarian, academic",CAD
Trantow PLC,grocery_net,44.63,Eddie,Mendez,Clarinda,IA,IT trainer,USD
Monahan-Morar,personal_care,38.98,Stephanie,Middleton,Morrisdale,PA,Dispensing optician,CAD
"Weber, Thiel and Hammes",kids_pets,14.77,Patricia,Gonzalez,Stephensport,KY,Chartered public finance accountant,USD
"Jenkins, Hauck and Friesen",gas_transport,42.62,Emily,Hall,Basye,VA,"Engineer, mining",CAD
Barton Inc,grocery_pos,81.61,John,Stevens,Hudson,NY,Travel agency manager,USD
"Swaniawski, Nitzsche and Welch",health_fitness,28.21,Lori,Ramirez,Ranier,MN,Ceramics designer,CAD
"Denesik, Powlowski and Pouros",home,94.23,Mackenzie,Smith,Hooper,NE,"Engineer, automotive",CAD
"Baumbach, Strosin and Nicolas",shopping_pos,22.17,Brianna,Foley,Knoxville,TN,"Designer, industrial/product",CAD
Dooley-Thompson,misc_net,8.11,Jackie,Davis,Redford,MO,Investment analyst,USD
Price Inc,shopping_net,93.36,Michael,Flores,Saxon,WI,Television/film/video producer,CAD
Sawayn PLC,shopping_pos,127.6,Matthew,Myers,Tower Hill,IL,Radio broadcast assistant,CAD
"Hoppe, Harris and Bednar",entertainment,128.04,Patricia,Rodriguez,Warren,OH,Magazine features editor,CAD
"Lehner, Reichert and Mills",misc_pos,4.49,Mackenzie,Salazar,Bagley,WI,Risk analyst,USD
Bednar PLC,kids_pets,38.31,Robert,Ashley,Port Costa,CA,Armed forces training and education officer,USD
"Hagenes, Hermann and Stroman",travel,4.96,Robert,Flores,Greenview,CA,Call centre manager,CAD
Doyle Ltd,grocery_pos,106.45,Joseph,Davis,Nazareth,TX,Petroleum engineer,CAD
Dibbert-Green,entertainment,87.89,Linda,Hurst,Wilton,ND,"Designer, ceramics/pottery",CAD
Pagac LLC,shopping_pos,3.8,Jessica,Dominguez,Gadsden,AL,Ceramics designer,USD
Mraz-Herzog,gas_transport,74.74,Joel,Rivera,Tryon,OK,"Psychotherapist, child",CAD
"Zemlak, Tillman and Cremin",personal_care,71.39,Sarah,Adams,Ridgeland,MS,"Scientist, clinical (histocompatibility and immunogenetics)",CAD
"Wintheiser, Dietrich and Schimmel",misc_pos,5.15,Martin,Duarte,Luzerne,MI,General practice doctor,CAD
Brekke and Sons,gas_transport,64.32,Pamela,Lewis,Clifton,SC,Museum/gallery conservator,CAD
Kemmer-Buckridge,misc_pos,100.62,Daniel,Martinez,Kent,OR,Museum education officer,CAD
Schuppe-Schuppe,food_dining,4.88,Zachary,Allen,Ollie,IA,Commercial horticulturist,USD
Ortiz Group,grocery_net,67.78,Megan,Fernandez,Woods Cross,UT,Insurance broker,USD
Bahringer-Streich,food_dining,245.78,Kelsey,Richards,Holcomb,KS,Arboriculturist,USD
Bartoletti and Sons,personal_care,9.23,John,Hudson,Stillwater,OK,Cabin crew,USD
Hyatt-Blick,travel,7.25,Zachary,Allen,Ollie,IA,Commercial horticulturist,USD
Bins-Tillman,entertainment,78.82,Christian,Roman,Grand Junction,TN,Clothing/textile technologist,CAD
Jakubowski Inc,home,81.85,Jason,Murphy,Collettsville,NC,Soil scientist,USD
Deckow-O'Conner,grocery_pos,204.15,Amanda,Molina,Philadelphia,PA,Commercial horticulturist,CAD
"Jones, Sawayn and Romaguera",misc_net,5.01,Daniel,Escobar,Romulus,MI,Police officer,USD
"Robel, Cummerata and Prosacco",gas_transport,54.74,Danielle,Allen,Loving,NM,Educational psychologist,CAD
Lemke-Gutmann,shopping_net,2.58,Jennifer,Vance,Rhame,ND,Illustrator,CAD
Powlowski-Weimann,food_dining,117.35,Olivia,Stephenson,Lowville,NY,Theme park manager,USD
"Nicolas, Hills and McGlynn",entertainment,58.85,John,Chandler,Detroit,MI,Broadcast presenter,CAD
Kulas Group,health_fitness,3.71,Linda,Hurst,Wilton,ND,"Designer, ceramics/pottery",CAD
Williamson LLC,misc_pos,6.06,Vincent,Waller,Lohrville,IA,Administrator,CAD
Hudson-Ratke,grocery_pos,151.93,Alex,White,Orient,NY,Video editor,CAD
Harber Inc,gas_transport,79.33,Toni,Gomez,Altona,NY,"Surveyor, land/geomatics",CAD
"Mosciski, Ziemann and Farrell",shopping_net,83.66,Ryan,Joseph,Atlantic,VA,"Geologist, engineering",CAD
"Feil, Hilpert and Koss",food_dining,43.37,Shelby,Mitchell,Brandon,VT,"Scientist, marine",CAD
Kilback LLC,grocery_pos,102.17,Valerie,Davis,Drakes Branch,VA,Energy engineer,CAD
Osinski Inc,personal_care,76.24,Daniel,Jones,Huntsville,AL,"Engineer, automotive",USD
Ruecker-Mayert,kids_pets,19.21,Linda,Park,Fenelton,PA,Operations geologist,CAD
"Hagenes, Kohler and Hoppe",food_dining,49.19,Michelle,Woods,Munith,MI,Geophysicist/field seismologist,CAD
Windler LLC,kids_pets,50.48,Melissa,Krause,Fordoche,LA,Community education officer,CAD
Bartoletti and Sons,personal_care,114.0,Donna,Moreno,Ronceverte,WV,Statistician,CAD
Pfeffer and Sons,shopping_pos,6.94,Joseph,Spencer,Holloway,OH,Child psychotherapist,CAD
Greenholt Ltd,health_fitness,16.25,Helen,Campbell,Browning,MO,Cytogeneticist,USD
"Swaniawski, Bahringer and Ledner",grocery_net,52.43,Joseph,Davis,Nazareth,TX,Petroleum engineer,CAD
Predovic Inc,shopping_net,6.44,Lisa,Lowe,Cottekill,NY,Comptroller,CAD
Bogisich-Weimann,kids_pets,60.53,Susan,Hardy,Manistique,MI,Trade mark attorney,USD
"Kutch, Hermiston and Farrell",gas_transport,50.6,Kayla,Sutton,Carlotta,CA,"Therapist, occupational",USD
Goodwin-Nitzsche,grocery_pos,93.37,Bianca,Scott,Atglen,PA,Product manager,USD
Kling Inc,gas_transport,66.45,Lindsay,Wilson,Centerview,MO,Electronics engineer,CAD
Torp-Labadie,gas_transport,59.67,Michelle,Rodriguez,Ruidoso,NM,Licensed conveyancer,CAD
"Nienow, Ankunding and Collier",misc_pos,7.13,James,Cooper,Huntsville,AL,Television production assistant,USD
Boyer PLC,shopping_net,3.71,Monique,Martin,Ratcliff,TX,"Engineer, production",CAD
Kilback and Sons,entertainment,126.68,Donna,Moreno,Ronceverte,WV,Statistician,CAD
"Kutch, Steuber and Gerhold",food_dining,31.45,Kelsey,Richards,Holcomb,KS,Arboriculturist,CAD
Weimann-Lockman,kids_pets,92.77,Alicia,Bishop,Whigham,GA,"Editor, commissioning",CAD
Ruecker-Mayert,kids_pets,47.19,Jose,Vasquez,Lake Jackson,TX,Futures trader,USD
Homenick LLC,personal_care,127.06,Jacob,Weber,Utica,KS,Product/process development scientist,CAD
"Graham, Hegmann and Hammes",food_dining,179.5,Christopher,Henry,Armonk,NY,Television/film/video producer,CAD
Friesen-D'Amore,gas_transport,61.29,Jacqueline,Curry,Marathon,TX,Lexicographer,USD
Schuppe LLC,entertainment,14.86,Diana,Jacobs,Viola,AR,Psychiatric nurse,CAD
"Effertz, Welch and Schowalter",entertainment,23.24,Derrick,Flores,Oakland,TN,Furniture conservator/restorer,CAD
Smitham-Schiller,grocery_net,34.75,Kimberly,Rice,Tyler,TX,Sports development officer,CAD
"Daugherty, Pouros and Beahan",shopping_pos,3.35,Charles,Robles,Saint Petersburg,FL,"Engineer, land",CAD
Crooks and Sons,personal_care,249.23,Ashley,Cabrera,Vero Beach,FL,"Librarian, public",USD
O'Keefe-Hudson,grocery_pos,53.15,Carlos,Chung,Grant,AL,Curator,USD
"Towne, Greenholt and Koepp",shopping_net,853.8,Claire,Davis,Cherokee Village,AR,Pharmacologist,USD
Ernser-Lynch,food_dining,41.26,Dalton,Jones,Afton,MI,Technical brewer,CAD
"Bins, Balistreri and Beatty",shopping_pos,76.85,Ana,Mccormick,Meridian,ID,Intelligence analyst,CAD
Hudson-Grady,shopping_pos,6.53,Audrey,Martinez,Liberty Mills,IN,Soil scientist,USD
Towne LLC,misc_pos,3.18,Scott,Fuller,Haw River,NC,Paramedic,USD
"Swaniawski, Lowe and Robel",shopping_pos,6.38,Daniel,Martinez,Kent,OR,Museum education officer,USD
Goodwin-Nitzsche,grocery_pos,117.98,Mark,Brown,Wales,AK,"Administrator, education",CAD
Ruecker Group,misc_net,26.11,Sheri,Thomas,Kings Bay,GA,Naval architect,USD
Macejkovic-Lesch,shopping_pos,11.44,Jennifer,Banks,Moravian Falls,NC,"Psychologist, counselling",CAD
Volkman PLC,food_dining,54.0,Tanner,Carroll,Cokeburg,PA,Dealer,CAD
Rippin-VonRueden,health_fitness,77.14,Craig,Dunn,New Boston,IL,Manufacturing engineer,CAD
Friesen Ltd,health_fitness,73.05,Adam,Riddle,Mount Saint Joseph,OH,Exhibition designer,USD
Zulauf LLC,personal_care,13.67,Jim,Johnson,Gretna,LA,Biomedical scientist,USD
Streich Ltd,home,38.04,Judith,Moss,Washington Court House,OH,Television floor manager,USD
Skiles LLC,home,56.54,Jacob,Weber,Utica,KS,Product/process development scientist,USD
Reichert-Weissnat,travel,9.21,Jessica,Smith,Dubre,KY,Insurance risk surveyor,USD
Herman Inc,misc_pos,41.13,Collin,Brown,Du Pont,GA,Advertising account executive,CAD
"Parker, Nolan and Trantow",entertainment,320.06,Sabrina,Nolan,Phenix City,AL,Chemical engineer,CAD
Heller-Langosh,gas_transport,68.96,Julie,Sanchez,Bowersville,OH,Quantity surveyor,USD
Padberg-Sauer,home,3.13,Taylor,Khan,North Washington,PA,Patent attorney,USD
Gulgowski LLC,home,55.01,Megan,Murphy,Holstein,NE,Telecommunications researcher,CAD
"Herman, Treutel and Dickens",misc_net,7.03,Phillip,Robertson,Harrodsburg,IN,Social researcher,CAD
"Rodriguez, Yost and Jenkins",misc_net,16.33,Stephanie,Cummings,Ash Flat,AR,Hydrologist,CAD
"Terry, Johns and Bins",misc_pos,9.49,Allison,Allen,De Witt,AR,Electrical engineer,CAD
Gottlieb-Hansen,personal_care,7.4,Jerry,Kelly,Fairview,NJ,"Programmer, multimedia",CAD
"Baumbach, Feeney and Morar",shopping_net,76.64,David,Bonilla,West Green,GA,Audiological scientist,CAD
Kutch-Ferry,home,26.98,Mark,Wood,Bowdoin,ME,"Engineer, electronics",CAD
Abshire PLC,entertainment,14.61,Marcia,Molina,Port Gibson,NY,Database administrator,USD
"Johnston, Nikolaus and Maggio",grocery_net,54.56,John,Myers,Highland,IN,Community arts worker,USD
Rippin-VonRueden,health_fitness,20.66,Stacy,Lambert,Mulberry Grove,IL,Race relations officer,CAD
Friesen Inc,shopping_pos,127.8,James,Hunt,Pointe Aux Pins,MI,Electrical engineer,CAD
"Schaefer, Fay and Hilll",entertainment,34.01,Marcia,Molina,Port Gibson,NY,Database administrator,USD
Bashirian Group,shopping_net,6.11,Timothy,Kirby,Sauk Rapids,MN,Hydrographic surveyor,CAD
Torp-Labadie,gas_transport,55.6,Andrew,Mcgee,San Antonio,TX,Exhibition designer,CAD
Kutch LLC,gas_transport,92.5,Jacob,Dawson,Marienville,PA,"Copywriter, advertising",CAD
"Bernhard, Grant and Langworth",shopping_pos,767.08,Tammy,Ayers,Hinckley,OH,Medical sales representative,CAD
McGlynn-Heathcote,misc_net,111.27,Barbara,Lowe,Sherman,TX,Systems developer,USD
Lockman Ltd,grocery_pos,127.77,Susan,Shah,Cranks,KY,"Psychologist, counselling",CAD
Turcotte-Halvorson,misc_pos,1.39,Melissa,Mcclure,Manville,WY,Educational psychologist,CAD
"Turcotte, Batz and Buckridge",health_fitness,29.53,Gary,Martinez,Reno,NV,Immunologist,USD
"McDermott, Osinski and Morar",home,8.83,Thomas,Payne,Huslia,AK,"Engineer, civil (consulting)",CAD
"Stanton, Jakubowski and Baumbach",shopping_net,5.64,Daniel,Briggs,Moriarty,NM,"Therapist, art",CAD
"Konopelski, Schneider and Hartmann",food_dining,67.93,Jennifer,Banks,Moravian Falls,NC,"Psychologist, counselling",CAD
"Yost, Schamberger and Windler",kids_pets,24.26,Karen,Gordon,Utica,MO,Land/geomatics surveyor,CAD
Goodwin-Nitzsche,grocery_pos,97.37,Louis,Fisher,Fort Washakie,WY,Freight forwarder,CAD
"Koss, Hansen and Lueilwitz",home,101.73,Justin,Bell,Pittsburgh,PA,"Scientist, marine",CAD
Swift PLC,kids_pets,87.28,Angie,Jones,Clearwater,FL,"Geneticist, molecular",CAD
Altenwerth-Kilback,home,104.85,Mary,Juarez,North Prairie,WI,Applications developer,USD
Mohr-Bayer,shopping_net,4.71,Janet,Carpenter,Laramie,WY,"Pilot, airline",USD
"Weber, Thiel and Hammes",kids_pets,91.74,Jeffrey,Rice,Moulton,IA,Probation officer,CAD
Howe Ltd,misc_pos,39.95,Christine,Harris,Hinesburg,VT,Claims inspector/assessor,CAD
Lind-Buckridge,entertainment,20.43,Sharon,Smith,Sun City,CA,"Designer, exhibition/display",CAD
"Herman, Treutel and Dickens",misc_net,49.73,Christie,Williamson,Avoca,IA,Engineering geologist,USD
Rippin-VonRueden,health_fitness,11.22,Barbara,Taylor,Elberta,MI,"Exhibitions officer, museum/gallery",USD
Kilback Group,food_dining,60.6,Thomas,Hale,Cazenovia,WI,Occupational hygienist,USD
Hoppe-Parisian,kids_pets,28.43,Rebecca,Erickson,Wilmington,NC,English as a second language teacher,CAD
Kilback and Sons,entertainment,264.1,Ashley,Cabrera,Vero Beach,FL,"Librarian, public",CAD
Barton LLC,kids_pets,57.86,Eddie,Mendez,Clarinda,IA,IT trainer,CAD
Schulist Ltd,food_dining,133.54,Angie,Jones,Clearwater,FL,"Geneticist, molecular",CAD
Langworth LLC,personal_care,100.55,Christie,Williamson,Avoca,IA,Engineering geologist,CAD
Hills-Witting,shopping_net,4.07,Paula,Estrada,Spencer,SD,"Development worker, international aid",CAD
Zboncak Ltd,food_dining,27.84,Andrew,Patterson,Thida,AR,Careers information officer,CAD
Bartoletti and Sons,personal_care,8.02,Cody,Miller,Mooresville,NC,Control and instrumentation engineer,USD
Grimes LLC,entertainment,78.8,Sara,Harris,Tupper Lake,NY,Chartered loss adjuster,CAD
Eichmann-Kilback,home,113.42,Bethany,Andrade,Corona,CA,Wellsite geologist,CAD
Jast and Sons,food_dining,40.67,Mark,Rivera,Humble,TX,Tax adviser,USD
Jacobi and Sons,shopping_pos,1.2,Rebecca,Conley,Tomahawk,WI,Seismic interpreter,CAD
"Schaefer, Fay and Hilll",entertainment,5.84,Christopher,Miller,Varnell,GA,Pensions consultant,CAD
"Connelly, Reichert and Fritsch",gas_transport,76.57,Omar,Gay,West Hartford,VT,"Development worker, community",CAD
Barrows PLC,shopping_pos,9.36,Megan,Bernard,Barneveld,NY,IT trainer,USD
Bauch-Blanda,entertainment,64.52,Carrie,Washington,Kingsford Heights,IN,"Psychologist, forensic",USD
Boyer-Reichert,shopping_net,8.94,Jodi,Rodriguez,Walnut Ridge,AR,"Engineer, control and instrumentation",USD
Bartoletti-Wunsch,gas_transport,70.49,Amanda,Alexander,Camden,TX,Colour technologist,CAD
"Gottlieb, Considine and Schultz",shopping_net,6.4,Bradley,Anderson,Emmons,MN,Communications engineer,CAD
Powlowski-Weimann,food_dining,118.49,Jill,Jacobs,Brandon,FL,Environmental consultant,CAD
"Kutch, Hermiston and Farrell",gas_transport,54.91,Benjamin,Harris,Chester,MD,Paediatric nurse,CAD
"Greenholt, O'Hara and Balistreri",shopping_net,78.64,Ronald,White,Beaverdam,OH,Museum/gallery conservator,USD
"Parker, Nolan and Trantow",entertainment,25.24,William,Perry,Denham Springs,LA,Herbalist,CAD
Schmitt Ltd,misc_net,6.73,Angela,Hodges,Indianapolis,IN,Firefighter,USD
Waelchi-Wolf,kids_pets,55.73,Jacob,Weber,Utica,KS,Product/process development scientist,USD
Nolan-Williamson,kids_pets,15.02,April,Johnson,Creedmoor,NC,Chief Strategy Officer,CAD
Corwin-Gorczany,misc_net,3.74,Daniel,Owens,Howells,NE,Research scientist (maths),USD
"Casper, Hand and Zulauf",grocery_pos,190.77,Kristen,Hanson,Goodrich,MI,Learning disability nurse,USD
"Kling, Howe and Schneider",home,75.15,Frank,Anderson,Naples,FL,"Programme researcher, broadcasting/film/video",CAD
Gislason Group,misc_pos,2.18,Mackenzie,Smith,Hooper,NE,"Engineer, automotive",CAD
Wolf Inc,grocery_pos,309.14,Jared,Velazquez,Matawan,NJ,Drilling engineer,USD
"Turcotte, Batz and Buckridge",health_fitness,16.78,Judy,Hogan,Brooklyn,NY,Medical sales representative,CAD
Bins-Rice,gas_transport,52.23,Morgan,Murray,Blairstown,MO,Agricultural consultant,CAD
"Bernier, Volkman and Hoeger",misc_net,187.27,Michael,Olson,Luray,MO,Town planner,CAD
Bauch-Blanda,entertainment,43.23,Rebecca,Erickson,Wilmington,NC,English as a second language teacher,USD
Ankunding LLC,shopping_net,111.21,Craig,Dunn,New Boston,IL,Manufacturing engineer,CAD
Daugherty LLC,kids_pets,54.99,Omar,Gay,West Hartford,VT,"Development worker, community",CAD
Schmitt Inc,gas_transport,51.68,Robert,Haynes,Johns Island,SC,Materials engineer,CAD
"Jenkins, Hauck and Friesen",gas_transport,62.49,Nathan,Martinez,Oconto Falls,WI,Mining engineer,CAD
Gutmann-Upton,misc_pos,30.92,Louis,Fisher,Fort Washakie,WY,Freight forwarder,CAD
Pouros-Conroy,shopping_pos,13.88,Danielle,Evans,Breesport,NY,Psychotherapist,USD
"Gottlieb, Considine and Schultz",shopping_net,2.44,Breanna,Rodriguez,Lanark Village,FL,Television production assistant,CAD
Gutmann Ltd,grocery_net,42.23,Tyler,Wright,Warren,MI,"Doctor, hospital",USD
